Store,Department,PCK/Piece,Date,Holiday,Promotion,Order,Sales,Working_Hour,Cleaning,Cashier,Picking,Reset,Back_Offc,HR,Security,FTE,PTE
1001,10_DRY_FOOD,0,12/21/2018,Yes,No,524520.2087,51023736.64,758,113,111,113,107,99,111,104,458,300
1001,10_DRY_FOOD,0,12/20/2018,No,No,461643.5152,44582738.78,663,90,96,93,102,90,99,93,418,245
1001,10_DRY_FOOD,0,12/17/2018,No,No,397567.6022,37886304.68,563,74,86,69,84,78,79,93,402,161
1001,10_DRY_FOOD,0,12/19/2018,No,No,358089.1413,35010057.21,520,78,72,68,79,70,77,76,351,169
1001,10_DRY_FOOD,0,12/25/2016,Yes,Yes,713.1565217,47240560.59,456,64,80,52,56,70,66,68,327,129
1001,10_DRY_FOOD,0,12/24/2017,Yes,Yes,146049.6717,28679617.21,456,64,69,75,63,57,64,64,317,139
1001,10_DRY_FOOD,0,12/23/2016,No,No,573157.5326,47242294.59,448,66,48,70,70,78,59,57,307,141
1001,10_DRY_FOOD,0,12/24/2016,Yes,Yes,146049.6717,47240560.59,446,66,65,64,68,59,68,56,336,110
1001,10_DRY_FOOD,0,12/23/2019,No,No,262940.8435,24296097.07,440,70,57,58,67,61,65,62,316,124
1001,10_DRY_FOOD,0,12/23/2018,No,Yes,558891.3457,55986881.63,440,68,65,64,51,62,58,72,315,125
1001,10_DRY_FOOD,0,12/25/2017,Yes,Yes,713.1565217,28603050.21,440,63,61,56,56,70,68,66,309,131
1001,10_DRY_FOOD,0,12/18/2018,Yes,Yes,312814.25,29517626.86,439,64,60,60,60,69,68,58,303,136
1001,10_DRY_FOOD,0,12/25/2019,Yes,Yes,345588.0109,33888981.33,438,65,60,49,66,64,58,76,307,131
1001,10_DRY_FOOD,0,12/25/2018,Yes,Yes,686.2652174,28780951.21,438,66,63,56,61,58,73,61,298,140
1001,10_DRY_FOOD,0,12/24/2019,Yes,Yes,390834.0087,37577032.65,435,54,56,58,65,64,70,68,281,154
1001,10_DRY_FOOD,0,12/16/2018,No,No,327415.6978,28597372.21,425,51,67,59,72,63,68,45,300,125
1001,10_DRY_FOOD,0,12/23/2017,No,No,573157.5326,28681839.21,423,70,53,63,60,50,58,69,302,121
1001,10_DRY_FOOD,0,12/22/2016,Yes,Yes,624567.05,47242227.59,416,62,66,69,48,49,59,63,302,114
1001,10_DRY_FOOD,0,12/19/2016,Yes,Yes,493273.9848,28784314.21,413,65,64,57,57,49,65,56,302,111
1001,10_DRY_FOOD,0,12/20/2017,No,No,164887.987,15514900.55,413,59,56,55,62,52,68,61,300,113
1001,10_DRY_FOOD,0,12/19/2020,Yes,Yes,493273.9848,47238771.59,407,70,64,44,63,63,47,56,305,102
1001,10_DRY_FOOD,0,12/16/2019,No,No,327415.6978,28597372.21,407,76,66,56,51,55,42,61,279,128
1001,10_DRY_FOOD,0,12/17/2016,No,No,315197.5043,27741148.24,402,59,54,59,59,65,53,53,292,110
1001,10_DRY_FOOD,0,12/21/2017,No,No,529503.0543,50468432.59,400,71,56,60,50,51,58,54,300,100
1001,10_DRY_FOOD,0,12/20/2016,No,No,164887.987,28783305.21,400,50,67,63,60,57,49,54,278,122
1001,10_DRY_FOOD,0,12/19/2017,Yes,Yes,493273.9848,47238771.59,397,55,57,57,57,57,62,52,293,104
1001,10_DRY_FOOD,0,12/17/2019,No,No,372665.2109,35192845.18,397,65,60,56,52,54,50,60,292,105
1001,10_DRY_FOOD,0,12/22/2017,Yes,Yes,624567.05,28508484.21,397,67,53,57,57,47,51,65,291,106
1001,10_DRY_FOOD,0,12/16/2016,No,No,327415.6978,28597372.21,397,50,48,63,59,71,54,52,291,106
1001,10_DRY_FOOD,0,12/20/2020,No,No,164887.987,15514900.55,397,50,52,55,52,61,62,65,287,110
1001,10_DRY_FOOD,0,12/18/2020,No,Yes,477701.0543,44907772.64,382,48,48,67,50,57,62,50,294,88
1001,10_DRY_FOOD,0,12/24/2018,Yes,Yes,112443.137,11635412.71,382,52,51,72,62,52,48,45,289,93
1001,10_DRY_FOOD,0,12/16/2020,No,No,327415.6978,28597372.21,372,44,52,59,50,53,54,60,260,112
1001,10_DRY_FOOD,0,12/22/2018,No,No,252311.5109,24740276.4,368,50,52,52,38,47,68,61,267,101
1001,10_DRY_FOOD,0,12/17/2020,No,No,315197.5043,27741148.24,364,60,54,50,56,46,49,49,268,96
1001,10_DRY_FOOD,0,12/22/2020,Yes,Yes,624567.05,28780951.21,358,50,58,63,50,53,49,35,293,65
1001,10_DRY_FOOD,0,12/19/2019,Yes,No,13856.91304,1292672.72,358,51,43,50,55,53,52,54,266,92
1001,10_DRY_FOOD,0,12/16/2017,No,No,327415.6978,28597372.21,358,37,55,61,42,54,49,60,265,93
1001,10_DRY_FOOD,0,12/21/2016,No,No,529503.0543,28787296.21,351,52,54,49,51,55,43,47,267,84
1001,10_DRY_FOOD,0,12/21/2020,No,No,529503.0543,50468432.59,347,42,57,42,54,47,41,64,271,76
1001,10_DRY_FOOD,0,12/18/2019,No,No,359653.7543,35004915.98,347,41,47,51,56,46,45,61,261,86
1001,10_DRY_FOOD,0,12/18/2016,No,Yes,477701.0543,44907772.64,340,53,49,48,48,44,46,52,250,90
1001,10_DRY_FOOD,0,12/18/2017,No,Yes,477701.0543,28679617.21,338,48,51,39,50,58,47,45,273,65
1001,10_DRY_FOOD,0,12/20/2019,No,No,270625.9804,24439248.67,338,43,55,51,50,47,46,46,263,75
1001,10_DRY_FOOD,0,12/23/2020,No,No,573157.5326,28681839.21,338,48,53,49,41,46,54,47,247,91
1001,10_DRY_FOOD,0,12/17/2017,No,No,315197.5043,27741148.24,330,50,42,49,43,50,48,48,271,59
1001,10_DRY_FOOD,0,12/21/2019,Yes,Yes,230369.0326,21048326.08,330,51,42,53,55,43,48,38,258,72
1001,10_DRY_FOOD,0,12/24/2020,Yes,Yes,146049.6717,28679617.21,330,39,47,58,48,46,47,45,250,80
1001,10_DRY_FOOD,0,12/25/2020,Yes,Yes,713.1565217,28603050.21,320,40,41,53,46,59,48,33,260,60
1001,10_DRY_FOOD,0,12/22/2019,No,Yes,225077.0609,20634915.92,320,44,54,36,38,54,50,44,236,84
1001,11_FRESH_FOOD,0,12/21/2018,Yes,No,524620.2087,51024737.64,699,98,102,115,99,90,97,98,409,290
1001,11_FRESH_FOOD,0,12/20/2018,No,No,461743.5152,44583739.78,673,104,108,82,92,93,100,94,418,255
1001,11_FRESH_FOOD,0,12/17/2018,No,No,397667.6022,37887305.68,573,89,77,83,83,86,80,75,387,186
1001,11_FRESH_FOOD,0,12/19/2018,No,No,358189.1413,35011058.21,530,89,83,57,74,61,78,88,341,189
1001,11_FRESH_FOOD,0,12/25/2016,Yes,Yes,813.1565217,47241561.59,466,63,83,59,69,65,61,66,331,135
1001,11_FRESH_FOOD,0,12/24/2017,Yes,Yes,146149.6717,28680618.21,466,67,65,75,71,62,58,68,328,138
1001,11_FRESH_FOOD,0,12/23/2016,No,No,573257.5326,47243295.59,458,53,71,62,72,80,65,55,314,144
1001,11_FRESH_FOOD,0,12/24/2016,Yes,Yes,146149.6717,47241561.59,456,64,68,60,70,71,54,69,312,144
1001,11_FRESH_FOOD,0,12/23/2018,No,Yes,558991.3457,55987882.63,450,79,68,58,53,75,60,57,326,124
1001,11_FRESH_FOOD,0,12/25/2017,Yes,Yes,813.1565217,28604051.21,450,71,68,57,56,65,64,69,312,138
1001,11_FRESH_FOOD,0,12/23/2019,No,No,263040.8435,24297098.07,450,65,58,67,69,61,60,70,304,146
1001,11_FRESH_FOOD,0,12/18/2018,Yes,Yes,312914.25,29518627.86,449,67,64,48,58,68,63,81,318,131
1001,11_FRESH_FOOD,0,12/25/2018,Yes,Yes,786.2652174,28781952.21,448,74,68,53,59,56,65,73,316,132
1001,11_FRESH_FOOD,0,12/25/2019,Yes,Yes,345688.0109,33889982.33,448,68,72,61,62,72,54,59,308,140
1001,11_FRESH_FOOD,0,12/24/2019,Yes,Yes,390934.0087,37578033.65,445,51,67,71,59,66,78,53,324,121
1001,11_FRESH_FOOD,0,12/16/2018,No,No,327515.6978,28598373.21,435,62,63,65,63,70,59,53,308,127
1001,11_FRESH_FOOD,0,12/23/2017,No,No,573257.5326,28682840.21,433,62,52,59,67,56,61,76,302,131
1001,11_FRESH_FOOD,0,12/22/2016,Yes,Yes,624667.05,47243228.59,426,54,65,62,66,57,64,58,292,134
1001,11_FRESH_FOOD,0,12/20/2017,No,No,164987.987,15515901.55,423,55,60,48,77,58,64,61,317,106
1001,11_FRESH_FOOD,0,12/19/2016,Yes,Yes,493373.9848,28785315.21,423,57,75,56,71,54,48,62,293,130
1001,11_FRESH_FOOD,0,12/16/2019,No,No,327515.6978,28598373.21,417,64,60,51,70,62,52,58,290,127
1001,11_FRESH_FOOD,0,12/19/2020,Yes,Yes,493373.9848,47239772.59,417,69,56,57,57,67,60,51,286,131
1001,11_FRESH_FOOD,0,12/17/2016,No,No,315297.5043,27742149.24,412,56,63,50,55,66,59,63,292,120
1001,11_FRESH_FOOD,0,12/21/2017,No,No,529603.0543,50469433.59,410,45,59,55,58,67,62,64,291,119
1001,11_FRESH_FOOD,0,12/20/2016,No,No,164987.987,28784306.21,410,55,67,57,57,49,72,53,288,122
1001,11_FRESH_FOOD,0,12/17/2019,No,No,372765.2109,35193846.18,407,70,66,56,61,47,59,48,307,100
1001,11_FRESH_FOOD,0,12/22/2017,Yes,Yes,624667.05,28509485.21,407,61,47,58,69,56,63,53,306,101
1001,11_FRESH_FOOD,0,12/16/2016,No,No,327515.6978,28598373.21,407,53,56,57,66,55,53,67,303,104
1001,11_FRESH_FOOD,0,12/20/2020,No,No,164987.987,15515901.55,407,55,71,56,59,47,62,57,299,108
1001,11_FRESH_FOOD,0,12/19/2017,Yes,Yes,493373.9848,47239772.59,407,64,58,53,54,56,69,53,290,117
1001,11_FRESH_FOOD,0,12/18/2020,No,Yes,477801.0543,44908773.64,392,56,45,62,65,41,66,57,295,97
1001,11_FRESH_FOOD,0,12/24/2018,Yes,Yes,112543.137,11636413.71,392,71,53,55,54,56,52,51,285,107
1001,11_FRESH_FOOD,0,12/16/2020,No,No,327515.6978,28598373.21,382,61,61,40,66,50,51,53,274,108
1001,11_FRESH_FOOD,0,12/22/2018,No,No,252411.5109,24741277.4,378,68,48,50,44,52,58,58,287,91
1001,11_FRESH_FOOD,0,12/17/2020,No,No,315297.5043,27742149.24,374,54,48,57,53,54,51,57,285,89
1001,11_FRESH_FOOD,0,12/22/2020,Yes,Yes,624667.05,28781952.21,368,40,55,50,54,57,59,53,286,82
1001,11_FRESH_FOOD,0,12/19/2019,Yes,No,13956.91304,1293673.72,368,58,57,60,54,55,42,42,277,91
1001,11_FRESH_FOOD,0,12/16/2017,No,No,327515.6978,28598373.21,368,44,50,60,44,58,59,53,276,92
1001,11_FRESH_FOOD,0,12/21/2016,No,No,529603.0543,28788297.21,361,44,58,63,42,55,53,46,281,80
1001,11_FRESH_FOOD,0,12/21/2020,No,No,529603.0543,50469433.59,357,49,60,56,49,48,48,47,280,77
1001,11_FRESH_FOOD,0,12/18/2019,No,No,359753.7543,35005916.98,357,48,53,52,53,46,64,41,252,105
1001,11_FRESH_FOOD,0,12/18/2016,No,Yes,477801.0543,44908773.64,350,52,59,43,45,44,59,48,264,86
1001,11_FRESH_FOOD,0,12/18/2017,No,Yes,477801.0543,28680618.21,348,52,43,61,43,50,57,42,270,78
1001,11_FRESH_FOOD,0,12/23/2020,No,No,573257.5326,28682840.21,348,49,49,46,36,64,53,51,267,81
1001,11_FRESH_FOOD,0,12/20/2019,No,No,270725.9804,24440249.67,348,60,44,48,39,58,51,48,257,91
1001,11_FRESH_FOOD,0,12/21/2019,Yes,Yes,230469.0326,21049327.08,340,44,49,52,61,42,47,45,277,63
1001,11_FRESH_FOOD,0,12/17/2017,No,No,315297.5043,27742149.24,340,46,41,53,48,51,55,46,274,66
1001,11_FRESH_FOOD,0,12/24/2020,Yes,Yes,146149.6717,28680618.21,340,34,57,58,54,40,50,47,262,78
1001,11_FRESH_FOOD,0,12/22/2019,No,Yes,225177.0609,20635916.92,330,42,51,42,49,55,47,44,273,57
1001,11_FRESH_FOOD,0,12/25/2020,Yes,Yes,813.1565217,28604051.21,330,45,39,58,44,47,48,49,254,76
1001,12_BREAD,0,12/25/2016,Yes,Yes,59.7826087,6871465.43,210,25,28,26,34,31,37,29,123,87
1001,12_BREAD,0,12/23/2016,No,No,95580.65217,6873199.43,202,33,34,27,28,30,17,33,129,73
1001,12_BREAD,0,12/24/2016,Yes,Yes,24873.26087,6871465.43,200,21,30,31,33,29,27,29,117,83
1001,12_BREAD,0,12/24/2017,Yes,Yes,24873.26087,6609871.47,194,24,33,31,31,25,27,23,118,76
1001,12_BREAD,0,12/23/2018,No,Yes,107676.087,10050917.3,194,28,32,27,31,19,27,30,110,84
1001,12_BREAD,0,12/23/2019,No,Yes,58817.3913,5905107.92,194,26,22,26,38,19,34,29,105,89
1001,12_BREAD,0,12/25/2019,Yes,Yes,65372.82609,6647797.4,192,33,28,30,26,24,30,21,129,63
1001,12_BREAD,0,12/25/2018,Yes,Yes,60.2173913,6816906.47,192,32,29,27,29,16,33,26,129,63
1001,12_BREAD,0,12/23/2017,No,No,95580.65217,6644438.47,192,29,31,28,31,24,26,23,115,77
1001,12_BREAD,0,12/25/2017,Yes,Yes,59.7826087,6636783.47,189,31,28,34,27,21,33,15,122,67
1001,12_BREAD,0,12/24/2019,Yes,Yes,68931.73913,6985155.32,189,26,29,28,24,28,23,31,105,84
1001,12_BREAD,0,12/22/2016,Yes,No,99442.6087,6873132.43,170,19,18,28,36,24,24,21,111,59
1001,12_BREAD,0,12/19/2016,Yes,Yes,77699.56522,6820269.47,167,26,29,23,24,22,22,21,110,57
1001,12_BREAD,0,12/16/2019,No,No,81090.86957,6633327.47,161,28,24,18,28,15,18,30,113,48
1001,12_BREAD,0,12/19/2020,Yes,Yes,77699.56522,6869676.43,161,17,24,23,21,29,20,27,101,60
1001,12_BREAD,0,12/21/2017,No,No,91739.34783,6816906.47,161,28,22,28,21,23,20,19,99,62
1001,12_BREAD,0,12/17/2016,No,No,69877.3913,5611572.88,156,25,18,24,16,17,29,27,104,52
1001,12_BREAD,0,12/20/2016,No,Yes,18252.6087,6819260.47,154,24,16,19,25,22,19,29,96,58
1001,12_BREAD,0,12/17/2019,No,No,72474.13043,6023985.77,151,20,16,25,18,28,27,17,109,42
1001,12_BREAD,0,12/22/2017,Yes,No,99442.6087,6544439.47,151,22,20,23,22,26,18,20,106,45
1001,12_BREAD,0,12/16/2016,No,No,81090.86957,6633327.47,151,23,25,21,23,24,16,19,106,45
1001,12_BREAD,0,12/20/2020,No,Yes,18252.6087,1675278.23,151,24,18,15,27,15,30,22,101,50
1001,12_BREAD,0,12/16/2017,No,No,81090.86957,6869676.43,142,23,15,24,25,19,18,18,94,48
1001,12_BREAD,0,12/18/2020,No,No,80822.17391,6889702.67,136,10,22,21,21,14,22,26,98,38
1001,12_BREAD,0,12/20/2017,No,Yes,18252.6087,6640116.47,136,30,22,20,18,19,17,10,95,41
1001,12_BREAD,0,12/24/2018,Yes,Yes,22960.43478,2287398.28,136,13,29,26,12,18,22,16,82,54
1001,12_BREAD,0,12/16/2020,No,No,81090.86957,6633327.47,126,18,9,15,23,25,22,14,78,48
1001,12_BREAD,0,12/21/2018,Yes,Yes,92575.65217,8183704.29,122,22,18,16,10,22,15,19,91,31
1001,12_BREAD,0,12/17/2020,No,No,69877.3913,5611572.88,118,18,23,22,9,20,12,14,78,40
1001,12_BREAD,0,12/19/2017,Yes,Yes,77699.56522,6639005.47,118,19,17,20,20,21,14,7,75,43
1001,12_BREAD,0,12/20/2018,No,No,93322.17391,7651227.95,114,12,18,18,17,21,20,8,79,35
1001,12_BREAD,0,12/19/2019,Yes,No,2501.956522,277862.04,112,16,14,15,18,23,10,16,76,36
1001,12_BREAD,0,12/22/2020,Yes,No,99442.6087,6816906.47,112,19,19,15,14,19,13,13,74,38
1001,12_BREAD,0,12/17/2018,No,Yes,70447.3913,7064319.99,105,12,15,21,16,15,11,15,79,26
1001,12_BREAD,0,12/21/2016,No,No,91739.34783,6823251.47,105,13,17,14,17,18,10,16,79,26
1001,12_BREAD,0,12/21/2020,No,No,91739.34783,8324120.7,101,14,13,19,9,15,13,18,75,26
1001,12_BREAD,0,12/18/2019,No,No,66036.52174,6758558.9,101,13,14,17,14,16,14,13,49,52
1001,12_BREAD,0,12/16/2018,No,No,81090.86957,6633327.47,99,18,14,14,18,13,11,11,72,27
1001,12_BREAD,0,12/19/2018,No,No,80503.69565,6323907.58,94,15,16,11,10,12,16,14,67,27
1001,12_BREAD,0,12/18/2016,No,No,80822.17391,6889702.67,94,13,14,13,13,15,15,11,49,45
1001,12_BREAD,0,12/18/2017,No,No,80822.17391,6715572.47,92,13,11,9,12,12,21,14,75,17
1001,12_BREAD,0,12/23/2020,No,No,95580.65217,6717794.47,92,10,10,16,11,16,8,21,70,22
1001,12_BREAD,0,12/20/2019,No,No,70119.13043,7201002.74,92,18,11,19,10,13,10,11,46,46
1001,12_BREAD,0,12/18/2018,Yes,Yes,72691.52174,5819063.82,86,13,12,16,17,7,13,8,51,35
1001,12_BREAD,0,12/21/2019,Yes,Yes,55426.95652,5556906.48,84,10,18,14,12,8,14,8,70,14
1001,12_BREAD,0,12/17/2017,No,No,69877.3913,6717794.47,84,16,8,7,7,13,13,20,69,15
1001,12_BREAD,0,12/24/2020,Yes,Yes,24873.26087,6715572.47,84,9,13,9,11,14,15,13,50,34
1001,12_BREAD,0,12/22/2019,No,No,55174.78261,5456959.3,74,6,8,15,17,8,10,10,44,30
1001,12_BREAD,0,12/25/2020,Yes,Yes,59.7826087,6639005.47,74,13,11,8,10,8,12,12,41,33
1001,12_BREAD,0,12/22/2018,No,No,28668.04348,2848093.07,42,10,3,8,3,6,4,8,32,10
1001,13_FREEZER,0,12/25/2016,Yes,Yes,157.1913043,14341990.09,232,33,29,23,31,43,31,42,146,86
1001,13_FREEZER,0,12/21/2018,Yes,Yes,87032.05652,15234111.13,226,34,35,33,32,27,31,34,136,90
1001,13_FREEZER,0,12/23/2016,No,No,93033.62826,14343724.09,224,33,26,29,38,35,35,28,123,101
1001,13_FREEZER,0,12/24/2016,Yes,Yes,23928.32174,14341990.09,222,29,26,26,27,45,33,36,131,91
1001,13_FREEZER,0,12/23/2018,No,Yes,88543.11087,14997778.12,216,24,30,38,31,29,28,36,139,77
1001,13_FREEZER,0,12/23/2019,No,No,45865.97609,7801011.52,216,33,39,28,35,24,30,27,134,82
1001,13_FREEZER,0,12/24/2017,Yes,Yes,23928.32174,8587053.47,216,26,30,33,30,30,37,30,123,93
1001,13_FREEZER,0,12/25/2018,Yes,Yes,131.6391304,8794088.47,214,33,31,33,25,21,37,34,138,76
1001,13_FREEZER,0,12/25/2019,Yes,Yes,63279.1,10891023.67,214,33,37,33,34,33,22,22,126,88
1001,13_FREEZER,0,12/23/2017,No,No,93033.62826,8621620.47,214,33,21,34,35,28,33,30,125,89
1001,13_FREEZER,0,12/25/2017,Yes,Yes,157.1913043,8613965.47,211,42,31,35,20,18,32,33,141,70
1001,13_FREEZER,0,12/24/2019,Yes,Yes,58902.60652,10391282.8,211,18,43,34,33,33,25,25,132,79
1001,13_FREEZER,0,12/20/2018,No,No,74174.64348,13454255.68,200,33,32,26,31,25,25,28,113,87
1001,13_FREEZER,0,12/22/2016,Yes,Yes,105099.9043,14343657.09,192,27,21,32,30,27,30,25,121,71
1001,13_FREEZER,0,12/19/2016,Yes,Yes,78416.39783,8797451.47,189,21,29,28,33,21,27,30,114,75
1001,13_FREEZER,0,12/16/2019,No,Yes,48718.36739,8610509.47,183,26,30,31,31,19,20,26,112,71
1001,13_FREEZER,0,12/19/2020,Yes,Yes,78416.39783,14340201.09,183,21,28,24,24,32,26,28,111,72
1001,13_FREEZER,0,12/21/2017,No,No,89539.60217,8794088.47,183,27,29,29,27,25,23,23,111,72
1001,13_FREEZER,0,12/17/2016,No,No,49010.8087,8827218.18,178,16,29,29,36,21,22,25,96,82
1001,13_FREEZER,0,12/20/2016,No,No,28050,8796442.47,176,25,24,23,25,27,22,30,102,74
1001,13_FREEZER,0,12/17/2019,No,No,57244.56304,10553639.06,173,18,24,26,27,19,30,29,126,47
1001,13_FREEZER,0,12/22/2017,Yes,Yes,105099.9043,8521621.47,173,31,23,21,24,19,28,27,110,63
1001,13_FREEZER,0,12/16/2016,No,Yes,48718.36739,8610509.47,173,29,23,25,30,26,23,17,102,71
1001,13_FREEZER,0,12/20/2020,No,No,28050,5096188.77,173,18,28,26,27,27,27,20,98,75
1001,13_FREEZER,0,12/16/2017,No,Yes,48718.36739,14340201.09,164,32,27,18,25,19,29,14,111,53
1001,13_FREEZER,0,12/17/2018,No,No,62429.12174,10932577.1,162,18,25,28,21,24,27,19,110,52
1001,13_FREEZER,0,12/18/2020,No,No,69969.69348,12948485.35,158,22,28,32,15,25,13,23,104,54
1001,13_FREEZER,0,12/24/2018,Yes,Yes,17678.74348,2957307.8,158,23,24,31,23,15,24,18,102,56
1001,13_FREEZER,0,12/20/2017,No,No,28050,8617298.47,158,24,21,20,19,31,19,24,96,62
1001,13_FREEZER,0,12/19/2018,No,No,56982.23696,10517066.85,156,18,22,23,19,30,18,26,93,63
1001,13_FREEZER,0,12/16/2020,No,Yes,48718.36739,8610509.47,148,18,18,27,22,23,17,23,91,57
1001,13_FREEZER,0,12/18/2018,Yes,Yes,52276.20435,9568083.25,142,19,21,16,23,22,18,23,97,45
1001,13_FREEZER,0,12/19/2017,Yes,Yes,78416.39783,8616187.47,140,18,18,22,20,17,21,24,97,43
1001,13_FREEZER,0,12/17/2020,No,No,49010.8087,8827218.18,140,18,27,19,23,16,18,19,84,56
1001,13_FREEZER,0,12/22/2020,Yes,Yes,105099.9043,8794088.47,134,18,17,21,27,21,17,13,90,44
1001,13_FREEZER,0,12/19/2019,Yes,No,2761.621739,472489.8,134,17,26,25,16,30,12,8,84,50
1001,13_FREEZER,0,12/16/2018,No,Yes,48718.36739,8610509.47,128,22,22,14,20,16,15,19,93,35
1001,13_FREEZER,0,12/21/2016,No,No,89539.60217,8800433.47,127,27,15,18,14,20,13,20,93,34
1001,13_FREEZER,0,12/21/2020,No,No,89539.60217,16017074.7,123,19,25,11,22,16,15,15,86,37
1001,13_FREEZER,0,12/18/2019,No,Yes,63766.48043,10924843.45,123,24,17,15,22,15,14,16,85,38
1001,13_FREEZER,0,12/18/2016,No,No,69969.69348,12948485.35,116,12,15,18,17,17,22,15,83,33
1001,13_FREEZER,0,12/18/2017,No,No,69969.69348,8692754.47,114,15,22,22,11,12,14,18,84,30
1001,13_FREEZER,0,12/20/2019,No,Yes,50160.43261,8043272.14,114,18,17,22,13,16,16,12,80,34
1001,13_FREEZER,0,12/23/2020,No,No,93033.62826,8694976.47,114,23,21,12,12,16,15,15,77,37
1001,13_FREEZER,0,12/17/2017,No,No,49010.8087,8694976.47,106,14,14,15,22,13,7,21,75,31
1001,13_FREEZER,0,12/21/2019,Yes,Yes,43175.95435,7069091.01,106,11,11,16,16,24,19,9,72,34
1001,13_FREEZER,0,12/24/2020,Yes,Yes,23928.32174,8692754.47,106,14,14,14,16,15,17,16,71,35
1001,13_FREEZER,0,12/22/2018,No,Yes,41204.20435,7043288.2,105,19,14,13,13,11,19,16,77,28
1001,13_FREEZER,0,12/25/2020,Yes,Yes,157.1913043,8616187.47,96,8,19,11,14,10,14,20,72,24
1001,13_FREEZER,0,12/22/2019,No,No,41850.03478,6959054.7,96,13,15,12,13,17,15,11,68,28
1001,14_MEIERI,0,12/21/2018,Yes,No,233850.3739,20869834.96,310,50,46,47,40,33,45,49,241,69
1001,14_MEIERI,0,12/20/2018,No,No,198684.1304,17873208.24,266,37,35,37,30,41,36,50,237,29
1001,14_MEIERI,0,12/25/2016,Yes,Yes,330,16643988.12,266,32,40,37,44,38,39,36,224,42
1001,14_MEIERI,0,12/23/2016,No,No,237370.6522,16645722.12,258,41,39,39,47,38,23,31,137,121
1001,14_MEIERI,0,12/24/2016,Yes,Yes,62983.26087,16643988.12,256,45,40,35,27,35,35,39,225,31
1001,14_MEIERI,0,12/24/2017,Yes,Yes,62983.26087,11603888.96,250,35,29,41,45,26,37,37,223,27
1001,14_MEIERI,0,12/23/2019,No,Yes,132979.1304,11203966.93,250,34,49,27,37,34,36,33,146,104
1001,14_MEIERI,0,12/23/2018,No,Yes,259904.7826,23009771.7,250,34,42,42,24,34,38,36,137,113
1001,14_MEIERI,0,12/23/2017,No,No,237370.6522,11638455.96,248,39,36,24,38,34,39,38,224,24
1001,14_MEIERI,0,12/25/2018,Yes,Yes,332.3913043,11810923.96,248,34,51,33,35,27,32,36,148,100
1001,14_MEIERI,0,12/25/2019,Yes,Yes,154912.1739,13225755.78,248,33,32,33,44,33,42,31,147,101
1001,14_MEIERI,0,12/25/2017,Yes,Yes,330,11630800.96,245,37,27,27,46,41,30,37,145,100
1001,14_MEIERI,0,12/24/2019,Yes,Yes,165140.4348,14071328.54,245,32,42,38,36,37,24,36,143,102
1001,14_MEIERI,0,12/22/2016,Yes,Yes,279905.2174,16645655.12,226,31,29,33,32,32,38,31,145,81
1001,14_MEIERI,0,12/19/2016,Yes,Yes,189696.087,11814286.96,223,32,29,30,29,31,35,37,150,73
1001,14_MEIERI,0,12/21/2017,No,Yes,236188.4783,11810923.96,217,36,23,22,36,37,26,37,133,84
1001,14_MEIERI,0,12/19/2020,Yes,Yes,189696.087,16642199.12,217,27,39,29,29,31,28,34,127,90
1001,14_MEIERI,0,12/16/2019,No,No,138474.7826,11627344.96,217,27,32,28,38,29,29,34,119,98
1001,14_MEIERI,0,12/17/2016,No,No,121972.8261,10194611.04,212,42,26,35,27,31,25,26,139,73
1001,14_MEIERI,0,12/20/2016,No,No,62442.6087,11813277.96,210,24,24,33,30,31,33,35,113,97
1001,14_MEIERI,0,12/22/2017,Yes,Yes,279905.2174,11538456.96,207,32,32,34,30,27,27,25,136,71
1001,14_MEIERI,0,12/16/2016,No,No,138474.7826,11627344.96,207,20,28,38,31,36,22,32,132,75
1001,14_MEIERI,0,12/17/2018,No,No,162462.8261,13915714.03,207,34,33,23,28,34,28,27,124,83
1001,14_MEIERI,0,12/20/2020,No,No,62442.6087,5476818.57,207,31,21,26,35,32,32,30,123,84
1001,14_MEIERI,0,12/17/2019,No,No,143211.7391,12172986.81,207,27,32,37,34,33,21,23,119,88
1001,14_MEIERI,0,12/16/2017,No,No,138474.7826,16642199.12,198,35,29,24,31,29,25,25,129,69
1001,14_MEIERI,0,12/18/2020,No,No,177820.8696,15343285.64,192,32,30,25,19,28,26,32,116,76
1001,14_MEIERI,0,12/19/2018,No,Yes,145233.0435,12903984.73,192,26,21,28,32,34,24,27,111,81
1001,14_MEIERI,0,12/24/2018,Yes,Yes,51829.13043,4586335.33,192,33,25,29,30,23,27,25,110,82
1001,14_MEIERI,0,12/20/2017,No,No,62442.6087,11634133.96,192,37,22,27,21,28,22,35,107,85
1001,14_MEIERI,0,12/16/2020,No,No,138474.7826,11627344.96,182,23,28,28,31,20,27,25,112,70
1001,14_MEIERI,0,12/19/2017,Yes,Yes,189696.087,11633022.96,174,22,20,24,25,37,23,23,116,58
1001,14_MEIERI,0,12/17/2020,No,No,121972.8261,10194611.04,174,27,25,21,20,19,36,26,92,82
1001,14_MEIERI,0,12/16/2018,No,No,138474.7826,11627344.96,173,22,30,23,31,17,31,19,107,66
1001,14_MEIERI,0,12/19/2019,Yes,Yes,6056.73913,500656.89,168,27,16,25,22,23,29,26,114,54
1001,14_MEIERI,0,12/22/2020,Yes,Yes,279905.2174,11810923.96,168,17,26,24,30,26,22,23,108,60
1001,14_MEIERI,0,12/18/2018,Yes,Yes,125802.3913,10990257.14,163,24,30,23,21,17,27,21,108,55
1001,14_MEIERI,0,12/21/2016,No,Yes,236188.4783,11817268.96,161,17,24,28,18,29,26,19,105,56
1001,14_MEIERI,0,12/21/2020,No,Yes,236188.4783,20893012.83,157,24,23,17,21,23,15,34,104,53
1001,14_MEIERI,0,12/18/2019,No,No,154920.6522,13320913.68,157,23,19,27,26,13,26,23,86,71
1001,14_MEIERI,0,12/18/2016,No,No,177820.8696,15343285.64,150,19,22,18,28,22,23,18,105,45
1001,14_MEIERI,0,12/18/2017,No,No,177820.8696,11709589.96,148,23,25,21,26,14,18,21,98,50
1001,14_MEIERI,0,12/23/2020,No,No,237370.6522,11711811.96,148,21,18,25,18,23,21,22,88,60
1001,14_MEIERI,0,12/20/2019,No,No,157492.1739,13232204.48,148,27,18,30,16,17,17,23,87,61
1001,14_MEIERI,0,12/22/2018,No,No,109956.3043,9780731.88,145,21,22,15,29,19,25,14,91,54
1001,14_MEIERI,0,12/24/2020,Yes,Yes,62983.26087,11709589.96,140,21,21,11,15,20,24,28,99,41
1001,14_MEIERI,0,12/21/2019,Yes,Yes,123385.8696,10331070.26,140,14,15,17,21,21,28,24,96,44
1001,14_MEIERI,0,12/17/2017,No,No,121972.8261,11711811.96,140,27,16,25,16,13,22,21,95,45
1001,14_MEIERI,0,12/22/2019,No,Yes,118169.1304,9879864.79,130,20,19,20,18,19,17,17,97,33
1001,14_MEIERI,0,12/25/2020,Yes,Yes,330,11633022.96,130,19,13,21,20,17,20,20,80,50
1001,15_BEVERAGES,0,12/21/2018,Yes,Yes,373769.3478,36846497.37,548,80,77,85,72,76,76,82,357,191
1001,15_BEVERAGES,0,12/20/2018,No,No,338726.9565,33492725.79,498,68,75,66,61,81,75,72,352,146
1001,15_BEVERAGES,0,12/17/2018,No,No,308275.6522,28805470.87,428,54,70,50,73,69,58,54,295,133
1001,15_BEVERAGES,0,12/19/2018,No,No,219723.0435,20940843.01,311,45,40,40,52,47,45,42,250,61
1001,15_BEVERAGES,0,12/25/2016,Yes,Yes,330.8695652,33853258.01,285,52,34,31,46,52,30,40,234,51
1001,15_BEVERAGES,0,12/23/2016,No,No,517245.6522,33854992.01,277,49,31,49,45,31,35,37,226,51
1001,15_BEVERAGES,0,12/24/2016,Yes,Yes,144109.3478,33853258.01,275,41,41,38,33,38,43,41,142,133
1001,15_BEVERAGES,0,12/24/2017,Yes,Yes,144109.3478,13288888.26,269,46,43,27,46,38,35,34,232,37
1001,15_BEVERAGES,0,12/23/2019,No,No,159638.0435,14137613.54,269,40,36,49,31,43,40,30,227,42
1001,15_BEVERAGES,0,12/23/2018,No,Yes,491188.2609,48740896.28,269,36,47,39,33,40,30,44,138,131
1001,15_BEVERAGES,0,12/25/2019,Yes,Yes,259123.4783,24113019.9,267,43,48,34,40,38,31,33,238,29
1001,15_BEVERAGES,0,12/23/2017,No,No,517245.6522,13323455.26,267,42,38,38,31,36,40,42,230,37
1001,15_BEVERAGES,0,12/25/2018,Yes,Yes,267.6086957,13495923.26,267,43,40,23,38,44,49,30,227,40
1001,15_BEVERAGES,0,12/24/2019,Yes,Yes,298447.1739,28004432.79,264,40,39,45,27,36,42,35,230,34
1001,15_BEVERAGES,0,12/25/2017,Yes,Yes,330.8695652,13315800.26,264,40,35,34,53,30,36,36,138,126
1001,15_BEVERAGES,0,12/22/2016,Yes,Yes,479456.087,33854925.01,245,32,31,37,39,38,35,33,145,100
1001,15_BEVERAGES,0,12/18/2018,Yes,Yes,177142.3913,16363751.45,243,30,33,33,28,41,38,40,224,19
1001,15_BEVERAGES,0,12/19/2016,Yes,Yes,344722.3913,13499286.26,242,34,36,30,35,39,40,28,133,109
1001,15_BEVERAGES,0,12/16/2019,No,No,147736.9565,13312344.26,236,40,36,37,27,34,29,33,148,88
1001,15_BEVERAGES,0,12/21/2017,No,No,365105.4348,13495923.26,236,27,32,38,34,28,39,38,137,99
1001,15_BEVERAGES,0,12/19/2020,Yes,Yes,344722.3913,33851469.01,236,36,30,38,34,36,34,28,136,100
1001,15_BEVERAGES,0,12/17/2016,No,No,154995,14102190.29,231,44,32,26,38,34,22,35,131,100
1001,15_BEVERAGES,0,12/20/2016,No,No,63633.04348,13498277.26,229,27,31,37,35,30,38,31,127,102
1001,15_BEVERAGES,0,12/22/2017,Yes,Yes,479456.087,13223456.26,226,31,32,36,33,33,26,35,144,82
1001,15_BEVERAGES,0,12/16/2016,No,No,147736.9565,13312344.26,226,37,35,34,24,30,34,32,139,87
1001,15_BEVERAGES,0,12/17/2019,No,No,235277.6087,22284206.58,226,27,37,35,28,31,34,34,131,95
1001,15_BEVERAGES,0,12/20/2020,No,No,63633.04348,5566790.86,226,40,34,30,30,34,22,36,130,96
1001,15_BEVERAGES,0,12/16/2017,No,No,147736.9565,33851469.01,217,26,29,33,21,30,43,35,135,82
1001,15_BEVERAGES,0,12/20/2017,No,No,63633.04348,13319133.26,211,23,37,24,29,29,30,39,139,72
1001,15_BEVERAGES,0,12/18/2020,No,Yes,362461.087,36004076,211,37,31,30,35,24,32,22,137,74
1001,15_BEVERAGES,0,12/24/2018,Yes,Yes,103055.8696,10035411.57,211,33,32,28,26,29,30,33,129,82
1001,15_BEVERAGES,0,12/16/2020,No,No,147736.9565,13312344.26,201,27,26,24,23,34,31,36,123,78
1001,15_BEVERAGES,0,12/16/2018,No,No,147736.9565,13312344.26,198,23,21,41,24,31,33,25,122,76
1001,15_BEVERAGES,0,12/17/2020,No,No,154995,14102190.29,193,27,31,24,32,29,29,21,114,79
1001,15_BEVERAGES,0,12/19/2017,Yes,Yes,344722.3913,13318022.26,193,24,26,32,33,25,26,27,104,89
1001,15_BEVERAGES,0,12/22/2020,Yes,Yes,479456.087,13495923.26,187,22,31,28,23,26,28,29,115,72
1001,15_BEVERAGES,0,12/19/2019,Yes,Yes,6556.086957,545067.57,187,20,18,38,31,25,32,23,115,72
1001,15_BEVERAGES,0,12/21/2016,No,No,365105.4348,13502268.26,180,24,30,19,24,25,31,27,113,67
1001,15_BEVERAGES,0,12/21/2020,No,No,365105.4348,35451134.1,176,17,20,19,32,30,29,29,112,64
1001,15_BEVERAGES,0,12/18/2019,No,No,250257.6087,23079499.94,176,15,20,24,23,26,28,40,105,71
1001,15_BEVERAGES,0,12/18/2016,No,Yes,362461.087,36004076,169,22,24,30,30,19,17,27,113,56
1001,15_BEVERAGES,0,12/18/2017,No,Yes,362461.087,13394589.26,167,20,21,22,32,26,13,33,117,50
1001,15_BEVERAGES,0,12/23/2020,No,No,517245.6522,13396811.26,167,23,24,25,26,25,20,24,108,59
1001,15_BEVERAGES,0,12/20/2019,No,Yes,127558.0435,10846143.2,167,24,26,24,24,29,15,25,104,63
1001,15_BEVERAGES,0,12/17/2017,No,No,154995,13396811.26,159,27,23,22,21,22,22,22,100,59
1001,15_BEVERAGES,0,12/24/2020,Yes,Yes,144109.3478,13394589.26,159,21,19,25,19,26,25,24,98,61
1001,15_BEVERAGES,0,12/21/2019,Yes,Yes,119554.1304,10281694.25,159,22,19,27,18,25,20,28,92,67
1001,15_BEVERAGES,0,12/22/2019,No,No,130752.1739,11340968.88,149,23,16,19,20,27,25,19,86,63
1001,15_BEVERAGES,0,12/25/2020,Yes,Yes,330.8695652,13318022.26,149,20,26,18,22,17,21,25,85,64
1001,15_BEVERAGES,0,12/22/2018,No,No,96137.6087,8634368.54,128,30,22,11,11,23,14,17,79,49
1001,16_FRUIT_VEGETABLE_(SHARE),0,12/21/2018,Yes,Yes,275314.5261,24504605.94,364,57,48,51,46,51,47,64,264,100
1001,16_FRUIT_VEGETABLE_(SHARE),0,12/20/2018,No,Yes,250486.6239,22233561.27,330,56,35,50,55,56,38,40,250,80
1001,16_FRUIT_VEGETABLE_(SHARE),0,12/17/2018,No,No,185069.0043,19131905.5,284,44,49,40,37,39,37,38,232,52
1001,16_FRUIT_VEGETABLE_(SHARE),0,12/25/2016,Yes,Yes,351.7521739,18539399.21,278,37,39,43,42,43,33,41,236,42
1001,16_FRUIT_VEGETABLE_(SHARE),0,12/23/2016,No,No,280115.6196,18541133.21,270,38,35,35,40,46,40,36,233,37
1001,16_FRUIT_VEGETABLE_(SHARE),0,12/24/2016,Yes,Yes,64902.23478,18539399.21,268,40,44,38,41,31,39,35,229,39
1001,16_FRUIT_VEGETABLE_(SHARE),0,12/24/2017,Yes,Yes,64902.23478,12667005.06,262,36,35,35,29,35,48,44,228,34
1001,16_FRUIT_VEGETABLE_(SHARE),0,12/23/2019,No,No,147601.5761,13564978.25,262,40,42,37,36,31,42,34,142,120
1001,16_FRUIT_VEGETABLE_(SHARE),0,12/23/2018,No,Yes,301623.9348,27608358.69,262,43,41,48,32,41,29,28,141,121
1001,16_FRUIT_VEGETABLE_(SHARE),0,12/25/2018,Yes,Yes,301.2652174,12874040.06,260,29,49,49,25,35,39,34,230,30
1001,16_FRUIT_VEGETABLE_(SHARE),0,12/25/2019,Yes,Yes,190761.3587,17400676.17,260,27,30,38,42,42,40,41,151,109
1001,16_FRUIT_VEGETABLE_(SHARE),0,12/23/2017,No,No,280115.6196,12701572.06,260,41,39,27,36,42,36,39,147,113
1001,16_FRUIT_VEGETABLE_(SHARE),0,12/24/2019,Yes,Yes,200397.0109,18598972.75,257,39,35,34,35,37,42,35,233,24
1001,16_FRUIT_VEGETABLE_(SHARE),0,12/25/2017,Yes,Yes,351.7521739,12693917.06,257,37,43,28,35,41,24,49,133,124
1001,16_FRUIT_VEGETABLE_(SHARE),0,12/22/2016,Yes,No,342356.5826,18541066.21,238,42,31,40,34,25,35,31,224,14
1001,16_FRUIT_VEGETABLE_(SHARE),0,12/19/2016,Yes,Yes,218012.6022,12877403.06,235,43,32,24,30,39,32,35,144,91
1001,16_FRUIT_VEGETABLE_(SHARE),0,12/19/2020,Yes,Yes,218012.6022,18537610.21,229,30,40,29,32,39,31,28,139,90
1001,16_FRUIT_VEGETABLE_(SHARE),0,12/16/2019,No,No,148962.5913,12690461.06,229,30,37,25,36,34,38,29,138,91
1001,16_FRUIT_VEGETABLE_(SHARE),0,12/21/2017,No,Yes,280163.3826,12874040.06,229,42,27,31,46,27,30,26,138,91
1001,16_FRUIT_VEGETABLE_(SHARE),0,12/17/2016,No,Yes,123399.4565,10428583.93,224,29,30,31,31,31,37,35,133,91
1001,16_FRUIT_VEGETABLE_(SHARE),0,12/20/2016,No,Yes,67397.6913,12876394.06,222,37,35,31,32,29,32,26,144,78
1001,16_FRUIT_VEGETABLE_(SHARE),0,12/22/2017,Yes,No,342356.5826,12601573.06,219,29,23,32,27,37,36,35,146,73
1001,16_FRUIT_VEGETABLE_(SHARE),0,12/20/2020,No,Yes,67397.6913,5682763.45,219,33,35,39,19,28,33,32,134,85
1001,16_FRUIT_VEGETABLE_(SHARE),0,12/17/2019,No,Yes,153852.9457,12885076.53,219,30,32,31,39,29,26,32,128,91
1001,16_FRUIT_VEGETABLE_(SHARE),0,12/16/2016,No,No,148962.5913,12690461.06,219,28,31,40,33,33,33,21,126,93
1001,16_FRUIT_VEGETABLE_(SHARE),0,12/16/2017,No,No,148962.5913,18537610.21,210,35,37,24,29,30,29,26,131,79
1001,16_FRUIT_VEGETABLE_(SHARE),0,12/19/2018,No,No,159484.3543,13851125.4,206,33,31,26,33,26,25,32,117,89
1001,16_FRUIT_VEGETABLE_(SHARE),0,12/18/2020,No,No,207421.5022,17592048.82,204,30,29,30,26,27,35,27,139,65
1001,16_FRUIT_VEGETABLE_(SHARE),0,12/24/2018,Yes,Yes,51041.95435,4646969.7,204,25,21,30,31,33,29,35,127,77
1001,16_FRUIT_VEGETABLE_(SHARE),0,12/20/2017,No,Yes,67397.6913,12697250.06,204,31,35,32,24,29,28,25,119,85
1001,16_FRUIT_VEGETABLE_(SHARE),0,12/16/2020,No,No,148962.5913,12690461.06,194,23,34,24,33,27,26,27,123,71
1001,16_FRUIT_VEGETABLE_(SHARE),0,12/16/2018,No,No,148962.5913,12690461.06,189,30,22,26,27,26,28,30,118,71
1001,16_FRUIT_VEGETABLE_(SHARE),0,12/17/2020,No,Yes,123399.4565,10428583.93,186,35,26,23,38,25,26,13,116,70
1001,16_FRUIT_VEGETABLE_(SHARE),0,12/19/2017,Yes,Yes,218012.6022,12696139.06,186,27,25,32,31,24,25,22,115,71
1001,16_FRUIT_VEGETABLE_(SHARE),0,12/22/2020,Yes,No,342356.5826,12874040.06,180,30,21,21,31,33,17,27,113,67
1001,16_FRUIT_VEGETABLE_(SHARE),0,12/19/2019,Yes,No,4538.88913,478120.51,180,35,28,26,25,24,16,26,103,77
1001,16_FRUIT_VEGETABLE_(SHARE),0,12/21/2016,No,Yes,280163.3826,12880385.06,173,19,21,26,25,25,26,31,111,62
1001,16_FRUIT_VEGETABLE_(SHARE),0,12/22/2018,No,No,128194.8804,11434613.17,170,27,19,26,22,29,22,25,107,63
1001,16_FRUIT_VEGETABLE_(SHARE),0,12/18/2019,No,No,178687.9196,18226143.51,169,17,24,18,33,21,25,31,111,58
1001,16_FRUIT_VEGETABLE_(SHARE),0,12/21/2020,No,Yes,280163.3826,23850297.73,169,20,37,23,22,28,20,19,110,59
1001,16_FRUIT_VEGETABLE_(SHARE),0,12/18/2018,Yes,Yes,131284.6261,11222770.52,167,24,25,22,23,25,27,21,98,69
1001,16_FRUIT_VEGETABLE_(SHARE),0,12/18/2016,No,No,207421.5022,17592048.82,162,28,23,19,23,24,18,27,94,68
1001,16_FRUIT_VEGETABLE_(SHARE),0,12/23/2020,No,No,280115.6196,12774928.06,160,21,27,27,30,18,20,17,103,57
1001,16_FRUIT_VEGETABLE_(SHARE),0,12/18/2017,No,No,207421.5022,12772706.06,160,21,19,23,21,29,19,28,98,62
1001,16_FRUIT_VEGETABLE_(SHARE),0,12/20/2019,No,No,173436.6217,16267405.02,160,21,20,30,23,21,25,20,93,67
1001,16_FRUIT_VEGETABLE_(SHARE),0,12/17/2017,No,Yes,123399.4565,12774928.06,152,27,24,22,14,20,21,24,106,46
1001,16_FRUIT_VEGETABLE_(SHARE),0,12/24/2020,Yes,Yes,64902.23478,12772706.06,152,20,25,20,25,23,19,20,100,52
1001,16_FRUIT_VEGETABLE_(SHARE),0,12/21/2019,Yes,Yes,137050.5696,12676107.95,152,29,21,21,24,25,18,14,91,61
1001,16_FRUIT_VEGETABLE_(SHARE),0,12/22/2019,No,No,129394.9043,11954845.4,142,17,24,13,19,27,22,20,89,53
1001,16_FRUIT_VEGETABLE_(SHARE),0,12/25/2020,Yes,Yes,351.7521739,12696139.06,142,26,18,16,26,17,21,18,86,56
1001,17_FRUIT_VEGETABLE,0,12/25/2016,Yes,Yes,5,2926712.56,215,36,24,40,30,38,22,25,139,76
1001,17_FRUIT_VEGETABLE,0,12/23/2016,No,No,2600.830435,2928446.56,207,34,32,28,26,31,26,30,130,77
1001,17_FRUIT_VEGETABLE,0,12/24/2016,Yes,Yes,746.1934783,2926712.56,205,22,28,32,36,24,31,32,123,82
1001,17_FRUIT_VEGETABLE,0,12/23/2018,No,Yes,1643.243478,2859491.56,199,31,30,30,25,19,37,27,126,73
1001,17_FRUIT_VEGETABLE,0,12/23/2019,No,No,3495.876087,18541066.21,199,36,25,24,28,30,26,30,121,78
1001,17_FRUIT_VEGETABLE,0,12/24/2017,Yes,Yes,746.1934783,2924923.56,199,29,35,35,37,25,22,16,119,80
1001,17_FRUIT_VEGETABLE,0,12/25/2018,Yes,Yes,3.043478261,3131958.56,197,27,24,26,22,26,28,44,117,80
1001,17_FRUIT_VEGETABLE,0,12/23/2017,No,No,2600.830435,2959490.56,197,32,28,25,34,30,19,29,117,80
1001,17_FRUIT_VEGETABLE,0,12/25/2019,Yes,Yes,3409.145652,18539399.21,197,28,17,31,31,24,30,36,115,82
1001,17_FRUIT_VEGETABLE,0,12/24/2019,Yes,Yes,3858.373913,18541133.21,194,27,37,33,22,24,21,30,136,58
1001,17_FRUIT_VEGETABLE,0,12/25/2017,Yes,Yes,5,2951835.56,194,34,32,29,28,20,25,26,110,84
1001,17_FRUIT_VEGETABLE,0,12/22/2016,Yes,Yes,2907.232609,2928379.56,175,35,21,27,27,27,21,17,105,70
1001,17_FRUIT_VEGETABLE,0,12/19/2016,Yes,Yes,2419.05,3135321.56,172,23,25,23,24,28,28,21,107,65
1001,17_FRUIT_VEGETABLE,0,12/17/2016,No,Yes,1867.03913,260415.64,161,22,21,12,19,31,34,22,100,61
1001,17_FRUIT_VEGETABLE,0,12/20/2016,No,No,805.9217391,3134312.56,159,16,20,24,26,25,24,24,97,62
1001,17_FRUIT_VEGETABLE,0,12/16/2017,No,No,1987.091304,2924923.56,147,19,20,23,27,16,24,18,96,51
1001,17_FRUIT_VEGETABLE,0,12/16/2020,No,No,1987.091304,18537610.21,131,16,22,23,23,13,23,11,82,49
1001,17_FRUIT_VEGETABLE,0,12/19/2017,Yes,Yes,2419.05,2954057.56,123,10,18,25,11,26,17,16,88,35
1001,17_FRUIT_VEGETABLE,0,12/17/2020,No,Yes,1867.03913,260415.64,123,14,10,19,18,16,23,23,75,48
1001,17_FRUIT_VEGETABLE,0,12/19/2019,Yes,Yes,68.28695652,3032846.56,117,15,12,27,19,13,20,11,82,35
1001,17_FRUIT_VEGETABLE,0,12/22/2020,Yes,Yes,2907.232609,3131958.56,117,22,8,15,19,18,18,17,80,37
1001,17_FRUIT_VEGETABLE,0,12/21/2016,No,No,2545.882609,3138303.56,110,16,13,14,17,16,15,19,80,30
1001,17_FRUIT_VEGETABLE,0,12/19/2020,Yes,Yes,2419.05,2924923.56,109,21,16,16,13,15,17,11,79,30
1001,17_FRUIT_VEGETABLE,0,12/21/2017,No,No,2545.882609,3131958.56,109,22,15,16,15,14,15,12,77,32
1001,17_FRUIT_VEGETABLE,0,12/16/2019,No,No,1987.091304,2955168.56,109,18,16,20,16,17,12,10,71,38
1001,17_FRUIT_VEGETABLE,0,12/21/2020,No,No,2545.882609,2859491.56,106,21,16,11,12,11,19,16,79,27
1001,17_FRUIT_VEGETABLE,0,12/18/2019,No,No,3695.328261,3030624.56,106,18,19,13,14,9,18,15,74,32
1001,17_FRUIT_VEGETABLE,0,12/20/2020,No,No,805.9217391,2959490.56,99,17,14,10,21,15,13,9,77,22
1001,17_FRUIT_VEGETABLE,0,12/22/2017,Yes,Yes,2907.232609,2859491.56,99,8,14,11,19,19,12,16,73,26
1001,17_FRUIT_VEGETABLE,0,12/16/2016,No,No,1987.091304,18537610.21,99,12,19,18,9,11,11,19,73,26
1001,17_FRUIT_VEGETABLE,0,12/18/2016,No,Yes,2371.063043,2951835.56,99,13,22,8,15,13,12,16,71,28
1001,17_FRUIT_VEGETABLE,0,12/17/2019,No,No,2070.763043,2859491.56,99,10,16,21,10,7,20,15,53,46
1001,17_FRUIT_VEGETABLE,0,12/18/2017,No,Yes,2371.063043,3030624.56,97,18,15,14,15,8,17,10,78,19
1001,17_FRUIT_VEGETABLE,0,12/20/2019,No,No,3979.330435,12880385.06,97,11,12,16,9,18,14,17,74,23
1001,17_FRUIT_VEGETABLE,0,12/23/2020,No,No,2600.830435,3032846.56,97,10,14,15,20,13,16,9,67,30
1001,17_FRUIT_VEGETABLE,0,12/21/2019,Yes,Yes,3502.269565,440596.24,89,8,11,15,13,10,13,19,68,21
1001,17_FRUIT_VEGETABLE,0,12/24/2020,Yes,Yes,746.1934783,3030624.56,89,12,11,10,14,13,16,13,67,22
1001,17_FRUIT_VEGETABLE,0,12/17/2017,No,Yes,1867.03913,3032846.56,89,11,15,13,13,12,15,10,52,37
1001,17_FRUIT_VEGETABLE,0,12/20/2017,No,No,805.9217391,2955168.56,84,15,8,12,15,12,11,11,50,34
1001,17_FRUIT_VEGETABLE,0,12/24/2018,Yes,Yes,348.7369565,3131958.56,84,9,14,15,16,8,8,14,49,35
1001,17_FRUIT_VEGETABLE,0,12/18/2020,No,Yes,2371.063043,2951835.56,84,13,8,16,10,11,11,15,47,37
1001,17_FRUIT_VEGETABLE,0,12/25/2020,Yes,Yes,112.5,2954057.56,79,13,9,12,17,9,6,13,45,34
1001,17_FRUIT_VEGETABLE,0,12/22/2019,No,No,3443.028261,3131958.56,79,10,16,11,11,10,13,8,45,34
1001,17_FRUIT_VEGETABLE,0,12/20/2018,No,No,1512.176087,2951835.56,22,4,2,5,4,1,5,1,22,
1001,17_FRUIT_VEGETABLE,0,12/17/2018,No,Yes,4363.271739,3038502.56,22,5,5,5,,3,2,2,22,
1001,17_FRUIT_VEGETABLE,0,12/18/2018,Yes,Yes,1644.504348,2950389.58,22,3,8,1,1,1,6,2,22,
1001,17_FRUIT_VEGETABLE,0,12/21/2018,Yes,Yes,1599.469565,2924923.56,21,4,2,3,3,3,5,1,21,
1001,17_FRUIT_VEGETABLE,0,12/19/2018,No,No,1390.906522,2945351.56,18,1,4,3,5,3,2,0,18,
1001,17_FRUIT_VEGETABLE,0,12/16/2018,No,No,1987.091304,2948379.56,18,2,2,4,3,5,0,2,18,
1001,17_FRUIT_VEGETABLE,0,12/22/2018,No,No,707.4847826,2959490.56,16,2,2,1,2,5,4,0,16,
1001,18_NON_FOOD,0,12/21/2018,Yes,No,128590.4348,8840916.62,237,44,39,37,26,28,32,31,140,97
1001,18_NON_FOOD,0,12/25/2016,Yes,Yes,215.8695652,8842705.62,235,27,30,32,38,41,34,33,134,101
1001,18_NON_FOOD,0,12/23/2016,No,No,142009.3478,8844439.62,227,33,23,37,32,31,33,38,136,91
1001,18_NON_FOOD,0,12/24/2016,Yes,Yes,52606.52174,8842705.62,225,37,34,28,39,33,29,25,127,98
1001,18_NON_FOOD,0,12/23/2018,No,Yes,147621.7391,8775484.62,219,35,35,30,32,27,37,23,141,78
1001,18_NON_FOOD,0,12/24/2017,Yes,Yes,52606.52174,8840916.62,219,30,32,23,40,40,23,31,126,93
1001,18_NON_FOOD,0,12/23/2019,No,No,62925.21739,2928379.56,219,36,35,22,38,31,26,31,123,96
1001,18_NON_FOOD,0,12/25/2019,Yes,Yes,80179.56522,2926712.56,217,49,48,34,19,32,13,22,143,74
1001,18_NON_FOOD,0,12/25/2018,Yes,Yes,181.7391304,9047951.62,217,30,28,41,23,30,30,35,138,79
1001,18_NON_FOOD,0,12/23/2017,No,No,142009.3478,8875483.62,217,28,31,36,27,30,33,32,122,95
1001,18_NON_FOOD,0,12/24/2019,Yes,Yes,78130,2928446.56,214,29,23,37,34,36,27,28,127,87
1001,18_NON_FOOD,0,12/25/2017,Yes,Yes,215.8695652,8867828.62,214,26,41,28,38,28,21,32,127,87
1001,18_NON_FOOD,0,12/22/2016,Yes,Yes,139746.7391,8844372.62,195,19,28,27,33,25,30,33,129,66
1001,18_NON_FOOD,0,12/19/2016,Yes,Yes,110198.0435,9051314.62,192,24,29,30,30,23,32,24,112,80
1001,18_NON_FOOD,0,12/20/2018,No,Yes,104651.3043,8867828.62,188,26,29,27,26,29,26,25,104,84
1001,18_NON_FOOD,0,12/19/2020,Yes,Yes,110198.0435,8840916.62,186,31,20,27,25,23,28,32,118,68
1001,18_NON_FOOD,0,12/16/2019,No,Yes,77473.69565,8871161.62,186,15,30,37,30,26,20,28,116,70
1001,18_NON_FOOD,0,12/21/2017,No,No,120105.8696,9047951.62,186,35,20,30,24,30,30,17,116,70
1001,18_NON_FOOD,0,12/17/2016,No,No,79358.47826,9216563.88,181,28,26,34,20,23,25,25,118,63
1001,18_NON_FOOD,0,12/20/2016,No,No,38419.56522,9050305.62,179,25,19,24,30,29,22,30,110,69
1001,18_NON_FOOD,0,12/22/2017,Yes,Yes,139746.7391,8775484.62,176,32,32,12,28,30,14,28,111,65
1001,18_NON_FOOD,0,12/17/2019,No,No,80663.04348,8775484.62,176,25,26,23,21,27,29,25,109,67
1001,18_NON_FOOD,0,12/16/2016,No,Yes,77473.69565,2924923.56,176,22,21,31,16,18,36,32,109,67
1001,18_NON_FOOD,0,12/20/2020,No,No,38419.56522,8875483.62,176,27,25,18,27,20,28,31,106,70
1001,18_NON_FOOD,0,12/16/2017,No,Yes,77473.69565,8840916.62,167,22,19,18,28,39,20,21,102,65
1001,18_NON_FOOD,0,12/18/2020,No,No,96974.13043,8867828.62,161,21,20,29,27,16,28,20,113,48
1001,18_NON_FOOD,0,12/24/2018,Yes,Yes,43555.65217,9047951.62,161,26,19,25,28,22,19,22,97,64
1001,18_NON_FOOD,0,12/20/2017,No,No,38419.56522,8871161.62,161,23,25,18,18,22,31,24,97,64
1001,18_NON_FOOD,0,12/16/2020,No,Yes,77473.69565,2924923.56,151,32,18,20,21,22,23,15,104,47
1001,18_NON_FOOD,0,12/17/2018,No,No,81171.30435,8954495.62,151,18,20,28,26,20,17,22,100,51
1001,18_NON_FOOD,0,12/19/2017,Yes,Yes,110198.0435,8870050.62,143,14,16,16,19,28,25,25,98,45
1001,18_NON_FOOD,0,12/17/2020,No,No,79358.47826,9216563.88,143,16,25,17,28,22,19,16,97,46
1001,18_NON_FOOD,0,12/19/2018,No,Yes,80980,8861344.62,142,18,20,23,19,27,24,11,90,52
1001,18_NON_FOOD,0,12/19/2019,Yes,Yes,2248.26087,8948839.62,137,15,19,22,21,21,18,21,98,39
1001,18_NON_FOOD,0,12/22/2020,Yes,Yes,139746.7391,9047951.62,137,24,23,19,15,22,21,13,93,44
1001,18_NON_FOOD,0,12/16/2018,No,Yes,77473.69565,8864372.62,132,21,13,15,20,18,21,24,90,42
1001,18_NON_FOOD,0,12/21/2016,No,No,120105.8696,9054296.62,130,27,13,17,17,18,18,20,80,50
1001,18_NON_FOOD,0,12/18/2018,Yes,Yes,73856.08696,8866382.64,128,21,19,17,14,19,15,23,85,43
1001,18_NON_FOOD,0,12/21/2020,No,No,120105.8696,8775484.62,126,23,20,18,21,11,15,18,91,35
1001,18_NON_FOOD,0,12/18/2019,No,Yes,82894.78261,8946617.62,126,23,18,16,22,15,10,22,90,36
1001,18_NON_FOOD,0,12/18/2016,No,No,96974.13043,8867828.62,119,18,18,6,22,17,16,22,74,45
1001,18_NON_FOOD,0,12/20/2019,No,No,72128.47826,3138303.56,117,14,18,12,19,18,20,16,84,33
1001,18_NON_FOOD,0,12/18/2017,No,No,96974.13043,8946617.62,117,20,15,16,15,21,18,12,77,40
1001,18_NON_FOOD,0,12/23/2020,No,No,142009.3478,8948839.62,117,20,15,14,13,17,16,22,52,65
1001,18_NON_FOOD,0,12/22/2018,No,No,63772.3913,8875483.62,116,16,20,14,16,17,16,17,76,40
1001,18_NON_FOOD,0,12/17/2017,No,No,79358.47826,8948839.62,109,13,15,15,20,9,20,17,79,30
1001,18_NON_FOOD,0,12/24/2020,Yes,Yes,52606.52174,8946617.62,109,14,17,13,20,17,14,14,73,36
1001,18_NON_FOOD,0,12/21/2019,Yes,Yes,59910,7401356.07,109,15,17,19,22,13,13,10,67,42
1001,18_NON_FOOD,0,12/22/2019,No,No,57146.52174,9047951.62,99,16,17,9,17,11,11,18,74,25
1001,18_NON_FOOD,0,12/25/2020,Yes,Yes,215.8695652,8870050.62,99,17,12,15,14,9,19,13,73,26
1001,19_CASH,0,12/25/2016,Yes,Yes,342.6086957,8574830.64,232,32,34,33,27,44,34,28,141,91
1001,19_CASH,0,12/23/2016,No,No,203070.4348,8576564.64,224,30,36,28,22,33,47,28,139,85
1001,19_CASH,0,12/24/2016,Yes,Yes,61367.3913,8574830.64,222,29,26,35,38,40,28,26,133,89
1001,19_CASH,0,12/17/2018,No,Yes,145099.7826,8686620.64,221,37,25,31,25,44,27,32,112,109
1001,19_CASH,0,12/23/2018,No,Yes,188681.3043,8507609.64,216,32,31,33,38,29,28,25,132,84
1001,19_CASH,0,12/23/2019,No,No,104528.6957,8844372.62,216,37,28,28,32,27,34,30,128,88
1001,19_CASH,0,12/24/2017,Yes,Yes,61367.3913,8573041.64,216,31,34,25,34,25,31,36,123,93
1001,19_CASH,0,12/23/2017,No,No,203070.4348,8607608.64,214,24,39,28,27,36,32,28,128,86
1001,19_CASH,0,12/25/2019,Yes,Yes,126258.6957,8842705.62,214,27,19,31,35,37,28,37,127,87
1001,19_CASH,0,12/25/2018,Yes,Yes,258.6956522,8780076.64,214,25,30,25,28,40,32,34,123,91
1001,19_CASH,0,12/24/2019,Yes,Yes,140822.3913,8844439.62,211,30,24,28,37,33,30,29,132,79
1001,19_CASH,0,12/25/2017,Yes,Yes,342.6086957,8599953.64,211,29,27,26,26,39,34,30,132,79
1001,19_CASH,0,12/22/2016,Yes,Yes,206718.0435,8576497.64,192,35,28,33,23,29,28,16,109,83
1001,19_CASH,0,12/19/2016,Yes,Yes,150355.6522,8783439.64,189,26,25,29,24,34,21,30,109,80
1001,19_CASH,0,12/16/2019,No,No,104909.5652,8603286.64,183,23,30,26,27,20,28,29,117,66
1001,19_CASH,0,12/19/2020,Yes,Yes,150355.6522,8573041.64,183,29,31,19,27,27,26,24,116,67
1001,19_CASH,0,12/21/2017,No,No,177419.5652,8780076.64,183,32,26,27,25,26,25,22,116,67
1001,19_CASH,0,12/17/2016,No,Yes,98485.86957,8048784.14,178,33,17,28,24,19,26,31,109,69
1001,19_CASH,0,12/20/2016,No,No,50789.56522,8782430.64,176,26,30,15,24,25,27,29,107,69
1001,19_CASH,0,12/16/2016,No,No,104909.5652,8840916.62,173,28,17,23,25,31,20,29,122,51
1001,19_CASH,0,12/17/2019,No,No,122785.4348,8507609.64,173,30,21,20,23,24,26,29,113,60
1001,19_CASH,0,12/20/2020,No,No,50789.56522,8607608.64,173,26,29,23,28,24,24,19,104,69
1001,19_CASH,0,12/22/2017,Yes,Yes,206718.0435,8507609.64,173,26,27,16,24,28,26,26,102,71
1001,19_CASH,0,12/16/2017,No,No,104909.5652,8573041.64,164,31,20,18,30,21,19,25,114,50
1001,19_CASH,0,12/20/2018,No,No,147958.2609,8599953.64,159,24,22,27,12,24,27,23,89,70
1001,19_CASH,0,12/24/2018,Yes,Yes,45457.17391,8780076.64,158,29,25,17,27,16,21,23,101,57
1001,19_CASH,0,12/18/2020,No,No,155928.913,8599953.64,158,18,16,23,21,33,24,23,95,63
1001,19_CASH,0,12/20/2017,No,No,50789.56522,8603286.64,158,24,25,20,19,22,24,24,89,69
1001,19_CASH,0,12/16/2020,No,No,104909.5652,8840916.62,148,22,28,20,23,22,14,19,91,57
1001,19_CASH,0,12/21/2018,Yes,Yes,156848.6957,8573041.64,145,16,19,24,25,23,20,18,87,58
1001,19_CASH,0,12/17/2020,No,Yes,98485.86957,8048784.14,140,25,18,22,14,25,17,19,102,38
1001,19_CASH,0,12/19/2017,Yes,Yes,150355.6522,8602175.64,140,23,21,23,19,17,20,17,87,53
1001,19_CASH,0,12/22/2020,Yes,Yes,206718.0435,8780076.64,134,23,16,21,19,20,11,24,95,39
1001,19_CASH,0,12/19/2019,Yes,Yes,6437.173913,8680964.64,134,32,22,13,16,16,18,17,84,50
1001,19_CASH,0,12/16/2018,No,No,104909.5652,8596497.64,128,19,18,24,11,18,24,14,79,49
1001,19_CASH,0,12/19/2018,No,No,112588.4783,8593469.64,127,14,24,20,14,14,18,23,92,35
1001,19_CASH,0,12/21/2016,No,No,177419.5652,8786421.64,127,18,28,22,16,16,16,11,83,44
1001,19_CASH,0,12/21/2020,No,No,177419.5652,8507609.64,123,25,20,13,19,10,21,15,82,41
1001,19_CASH,0,12/18/2019,No,No,126695,8678742.64,123,22,13,18,16,14,24,16,81,42
1001,19_CASH,0,12/18/2018,Yes,Yes,101112.6087,8598507.66,121,15,19,24,14,8,20,21,79,42
1001,19_CASH,0,12/18/2016,No,No,155928.913,8599953.64,116,18,13,22,20,17,8,18,86,30
1001,19_CASH,0,12/20/2019,No,No,116436.7391,9054296.62,114,20,18,20,14,13,17,12,78,36
1001,19_CASH,0,12/18/2017,No,No,155928.913,8678742.64,114,13,15,20,20,14,15,17,76,38
1001,19_CASH,0,12/23/2020,No,No,203070.4348,8680964.64,114,21,12,22,15,20,18,6,75,39
1001,19_CASH,0,12/17/2017,No,Yes,98485.86957,8680964.64,106,17,14,16,19,13,12,15,72,34
1001,19_CASH,0,12/21/2019,Yes,Yes,96720,10149172.61,106,21,18,19,14,12,8,14,52,54
1001,19_CASH,0,12/24/2020,Yes,Yes,61367.3913,8678742.64,106,19,12,12,14,20,18,11,50,56
1001,19_CASH,0,12/25/2020,Yes,Yes,342.6086957,8602175.64,96,11,13,13,14,16,14,15,69,27
1001,19_CASH,0,12/22/2019,No,No,95752.82609,8780076.64,96,12,20,19,13,9,17,6,68,28
1001,19_CASH,0,12/22/2018,No,No,73936.73913,8607608.64,73,9,12,12,12,17,6,5,54,19
1001,20_OTHER,0,12/25/2016,Yes,Yes,50.65217391,17345.75,160,19,26,26,20,19,21,29,101,59
1001,20_OTHER,0,12/23/2016,No,No,130.2173913,19079.75,152,13,19,24,31,24,23,18,103,49
1001,20_OTHER,0,12/24/2016,Yes,Yes,31.08695652,17345.75,150,24,14,15,22,25,29,21,94,56
1001,20_OTHER,0,12/23/2018,No,No,305.4347826,127900.75,144,27,25,17,21,15,22,17,97,47
1001,20_OTHER,0,12/23/2019,No,Yes,105.2173913,8576497.64,144,26,19,20,17,16,19,27,93,51
1001,20_OTHER,0,12/24/2017,Yes,Yes,31.08695652,15556.75,144,18,20,20,16,25,25,20,90,54
1001,20_OTHER,0,12/25/2019,Yes,Yes,73.47826087,8574830.64,142,21,27,21,20,24,18,11,89,53
1001,20_OTHER,0,12/23/2017,No,No,130.2173913,50123.75,142,17,25,19,18,23,16,24,85,57
1001,20_OTHER,0,12/25/2018,Yes,Yes,52.65217391,222591.75,142,20,17,27,19,11,23,25,79,63
1001,20_OTHER,0,12/25/2017,Yes,Yes,50.65217391,42468.75,139,17,23,15,21,24,17,22,91,48
1001,20_OTHER,0,12/24/2019,Yes,Yes,111.0869565,8576564.64,139,23,14,16,21,18,25,22,77,62
1001,20_OTHER,0,12/22/2016,Yes,Yes,155.4347826,19012.75,120,13,27,15,15,16,19,15,84,36
1001,20_OTHER,0,12/19/2016,Yes,Yes,87.39130435,225954.75,117,20,13,18,15,19,19,13,74,43
1001,20_OTHER,0,12/17/2016,No,Yes,129.7826087,36879.63,106,17,17,8,14,16,17,17,67,39
1001,20_OTHER,0,12/20/2016,No,No,42.39130435,224945.75,104,13,18,13,11,23,14,12,73,31
1001,20_OTHER,0,12/16/2017,No,Yes,132.6086957,15556.75,92,17,8,8,13,13,23,10,53,39
1001,20_OTHER,0,12/16/2020,No,Yes,132.6086957,8573041.64,76,10,11,13,15,5,12,10,50,26
1001,20_OTHER,0,12/17/2020,No,Yes,129.7826087,36879.63,68,4,12,6,13,13,13,7,49,19
1001,20_OTHER,0,12/19/2017,Yes,Yes,87.39130435,44690.75,68,9,8,10,14,11,9,7,43,25
1001,20_OTHER,0,12/19/2019,Yes,No,1.086956522,123479.75,62,9,7,8,13,5,14,6,44,18
1001,20_OTHER,0,12/22/2020,Yes,Yes,155.4347826,222591.75,62,11,8,6,8,10,7,12,38,24
1001,20_OTHER,0,12/21/2016,No,No,143.9130435,228936.75,55,13,5,5,7,7,6,12,38,17
1001,20_OTHER,0,12/18/2019,No,Yes,79.7826087,121257.75,51,5,13,6,6,6,7,8,36,15
1001,20_OTHER,0,12/21/2017,No,No,143.9130435,222591.75,51,11,3,9,8,9,4,7,32,19
1001,20_OTHER,0,12/21/2020,No,No,143.9130435,127900.75,51,6,8,12,6,6,5,8,30,21
1001,20_OTHER,0,12/16/2019,No,Yes,132.6086957,45801.75,51,8,10,2,7,8,9,7,29,22
1001,20_OTHER,0,12/19/2020,Yes,Yes,87.39130435,15556.75,51,10,8,13,6,2,6,6,25,26
1001,20_OTHER,0,12/18/2016,No,No,104.3478261,42468.75,44,8,5,7,9,6,4,5,34,10
1001,20_OTHER,0,12/23/2020,No,No,130.2173913,123479.75,42,5,10,2,7,4,9,5,30,12
1001,20_OTHER,0,12/20/2019,No,No,146.3043478,8786421.64,42,11,3,5,8,3,6,6,30,12
1001,20_OTHER,0,12/18/2017,No,No,104.3478261,121257.75,42,3,6,7,8,5,6,7,25,17
1001,20_OTHER,0,12/22/2017,Yes,Yes,155.4347826,127900.75,41,7,3,7,4,4,10,6,30,11
1001,20_OTHER,0,12/16/2016,No,Yes,132.6086957,8573041.64,41,7,8,2,5,7,7,5,28,13
1001,20_OTHER,0,12/20/2020,No,No,42.39130435,50123.75,41,8,7,7,4,7,4,4,25,16
1001,20_OTHER,0,12/17/2019,No,Yes,129.1304348,127900.75,41,6,7,8,4,8,3,5,24,17
1001,20_OTHER,0,12/21/2019,Yes,Yes,128.6956522,52886.46,34,9,4,4,8,4,2,3,26,8
1001,20_OTHER,0,12/24/2020,Yes,Yes,31.08695652,121257.75,34,3,8,4,3,3,7,6,25,9
1001,20_OTHER,0,12/17/2017,No,Yes,129.7826087,123479.75,34,4,4,7,2,11,2,4,23,11
1001,20_OTHER,0,12/18/2020,No,No,104.3478261,42468.75,26,0,2,5,4,6,6,3,26,
1001,20_OTHER,0,12/24/2018,Yes,Yes,67.17391304,222591.75,26,6,1,2,2,7,5,3,26,
1001,20_OTHER,0,12/20/2017,No,No,42.39130435,45801.75,26,3,5,0,4,4,7,3,18,8
1001,20_OTHER,0,12/25/2020,Yes,Yes,50.65217391,44690.75,24,3,4,6,3,5,1,2,16,8
1001,20_OTHER,0,12/22/2019,No,No,144.3478261,222591.75,24,5,4,4,4,1,2,4,16,8
1001,20_OTHER,0,12/18/2018,Yes,Yes,157.6086957,41022.77,21,2,4,4,2,1,4,4,21,
1001,20_OTHER,0,12/20/2018,No,No,250,42468.75,20,4,1,2,4,2,2,5,20,
1001,20_OTHER,0,12/22/2018,No,No,30.2173913,50123.75,18,5,2,3,3,2,1,2,18,
1001,20_OTHER,0,12/21/2018,Yes,Yes,235.8695652,15556.75,17,2,5,3,2,1,1,3,17,
1001,20_OTHER,0,12/19/2018,No,No,161.9565217,35984.75,17,1,2,2,6,1,2,3,17,
1001,20_OTHER,0,12/17/2018,No,No,113.0434783,129135.75,16,4,5,1,1,4,0,1,16,
1001,20_OTHER,0,12/16/2018,No,Yes,132.6086957,39012.75,16,3,4,2,,1,3,3,16,
1001,21_FLOWERS,0,12/25/2016,Yes,Yes,4.130434783,1495739.23,235,40,30,34,38,33,29,31,132,103
1001,21_FLOWERS,0,12/23/2016,No,No,18575.65217,1497473.23,227,22,28,33,29,33,37,45,117,110
1001,21_FLOWERS,0,12/24/2016,Yes,Yes,7050.217391,1495739.23,225,36,45,30,32,24,29,29,133,92
1001,21_FLOWERS,0,12/23/2018,No,No,19377.3913,1428518.23,219,27,31,35,26,23,41,36,142,77
1001,21_FLOWERS,0,12/24/2017,Yes,Yes,7050.217391,1493950.23,219,42,34,29,29,30,27,28,132,87
1001,21_FLOWERS,0,12/23/2019,No,No,5891.304348,19012.75,219,33,46,32,28,28,25,27,130,89
1001,21_FLOWERS,0,12/25/2018,Yes,Yes,5.652173913,1700985.23,217,28,27,30,31,28,37,36,131,86
1001,21_FLOWERS,0,12/23/2017,No,No,18575.65217,1528517.23,217,30,42,24,25,29,36,31,129,88
1001,21_FLOWERS,0,12/25/2019,Yes,Yes,8036.956522,17345.75,217,35,25,29,35,34,30,29,124,93
1001,21_FLOWERS,0,12/24/2019,Yes,Yes,7873.26087,19079.75,214,27,36,26,32,29,26,38,140,74
1001,21_FLOWERS,0,12/25/2017,Yes,Yes,4.130434783,1520862.23,214,37,34,30,24,35,28,26,123,91
1001,21_FLOWERS,0,12/22/2016,Yes,Yes,17162.6087,1497406.23,195,39,24,30,37,24,21,20,115,80
1001,21_FLOWERS,0,12/19/2016,Yes,Yes,9549.130435,1704348.23,192,30,28,24,33,29,29,19,113,79
1001,21_FLOWERS,0,12/19/2020,Yes,Yes,9549.130435,1493950.23,186,24,30,27,11,28,36,30,119,67
1001,21_FLOWERS,0,12/21/2017,No,No,12174.34783,1700985.23,186,27,35,22,27,17,30,28,115,71
1001,21_FLOWERS,0,12/16/2019,No,No,6244.565217,1524195.23,186,27,30,31,28,23,25,22,110,76
1001,21_FLOWERS,0,12/17/2016,No,Yes,6412.391304,1615945.21,181,21,28,36,21,26,20,29,110,71
1001,21_FLOWERS,0,12/20/2016,No,No,3071.73913,1703339.23,179,27,35,29,12,19,26,31,112,67
1001,21_FLOWERS,0,12/16/2016,No,No,6244.565217,15556.75,176,32,30,30,12,31,23,18,118,58
1001,21_FLOWERS,0,12/20/2020,No,No,3071.73913,1528517.23,176,30,20,26,25,24,23,28,115,61
1001,21_FLOWERS,0,12/17/2019,No,No,7246.521739,1428518.23,176,27,28,23,27,23,18,30,111,65
1001,21_FLOWERS,0,12/22/2017,Yes,Yes,17162.6087,1428518.23,176,26,33,24,25,25,25,18,110,66
1001,21_FLOWERS,0,12/16/2017,No,No,6244.565217,1493950.23,167,22,23,26,18,19,32,27,95,72
1001,21_FLOWERS,0,12/20/2017,No,No,3071.73913,1524195.23,161,22,24,19,25,28,19,24,104,57
1001,21_FLOWERS,0,12/24/2018,Yes,Yes,6015.217391,1700985.23,161,29,18,21,21,16,31,25,95,66
1001,21_FLOWERS,0,12/18/2020,No,No,9494.782609,1520862.23,161,23,21,20,26,30,22,19,93,68
1001,21_FLOWERS,0,12/16/2020,No,No,6244.565217,15556.75,151,16,24,19,30,19,21,22,92,59
1001,21_FLOWERS,0,12/17/2020,No,Yes,6412.391304,1615945.21,143,19,22,18,21,26,14,23,94,49
1001,21_FLOWERS,0,12/19/2017,Yes,Yes,9549.130435,1523084.23,143,20,23,25,21,14,21,19,89,54
1001,21_FLOWERS,0,12/19/2019,Yes,Yes,304.5652174,1601873.23,137,19,13,25,18,26,15,21,94,43
1001,21_FLOWERS,0,12/22/2020,Yes,Yes,17162.6087,1700985.23,137,16,17,24,12,26,20,22,78,59
1001,21_FLOWERS,0,12/21/2016,No,No,12174.34783,1707330.23,130,22,15,23,15,20,21,14,89,41
1001,21_FLOWERS,0,12/18/2019,No,No,9343.913043,1599651.23,126,17,13,24,15,20,18,19,89,37
1001,21_FLOWERS,0,12/21/2020,No,No,12174.34783,1428518.23,126,23,18,24,16,10,17,18,88,38
1001,21_FLOWERS,0,12/18/2016,No,No,9494.782609,1520862.23,119,16,18,13,27,14,14,17,80,39
1001,21_FLOWERS,0,12/20/2019,No,No,6077.608696,228936.75,117,17,12,17,21,18,15,17,85,32
1001,21_FLOWERS,0,12/18/2017,No,No,9494.782609,1599651.23,117,14,16,20,20,12,22,13,83,34
1001,21_FLOWERS,0,12/23/2020,No,No,18575.65217,1601873.23,117,15,19,12,18,15,20,18,73,44
1001,21_FLOWERS,0,12/21/2019,Yes,Yes,5398.043478,928151.66,109,20,14,13,14,16,14,18,83,26
1001,21_FLOWERS,0,12/24/2020,Yes,Yes,7050.217391,1599651.23,109,15,16,19,16,15,14,14,78,31
1001,21_FLOWERS,0,12/17/2017,No,Yes,6412.391304,1601873.23,109,14,22,17,15,14,15,12,69,40
1001,21_FLOWERS,0,12/25/2020,Yes,Yes,4.130434783,1523084.23,99,22,14,16,7,12,12,16,72,27
1001,21_FLOWERS,0,12/22/2019,No,No,5427.391304,1700985.23,99,20,11,13,8,17,17,13,72,27
1001,21_FLOWERS,0,12/21/2018,Yes,Yes,13854.78261,1493950.23,62,9,9,9,9,8,9,9,42,20
1001,21_FLOWERS,0,12/20/2018,No,No,12865.86957,1520862.23,55,12,7,9,7,4,6,10,41,14
1001,21_FLOWERS,0,12/19/2018,No,No,8402.608696,1514378.23,34,2,7,8,3,5,6,3,24,10
1001,21_FLOWERS,0,12/22/2018,No,No,7088.26087,1528517.23,33,4,2,3,5,5,8,6,22,11
1001,21_FLOWERS,0,12/17/2018,No,No,10692.6087,1607529.23,29,2,5,3,2,4,8,5,21,8
1001,21_FLOWERS,0,12/18/2018,Yes,Yes,7168.26087,1519416.25,28,2,7,4,4,5,2,4,28,
1001,21_FLOWERS,0,12/16/2018,No,No,6244.565217,1517406.23,23,3,7,3,3,4,1,2,23,
1001,22_PANT,1,12/25/2016,Yes,Yes,363.4782609,263231.06,201,22,24,35,29,34,34,23,122,79
1001,22_PANT,1,12/23/2016,No,No,503235.6522,264965.06,193,26,28,21,35,29,25,29,111,82
1001,22_PANT,1,12/24/2016,Yes,Yes,137866.7391,263231.06,191,27,30,27,24,34,29,20,108,83
1001,22_PANT,1,12/24/2017,Yes,Yes,137866.7391,261442.06,185,28,21,30,23,26,26,31,112,73
1001,22_PANT,1,12/23/2018,No,No,449452.6087,196010.06,185,31,19,19,33,24,23,36,106,79
1001,22_PANT,1,12/23/2019,No,No,178601.5217,1497406.23,185,24,22,19,29,35,26,30,100,85
1001,22_PANT,1,12/25/2018,Yes,Yes,275,468477.06,183,19,30,33,23,26,30,22,119,64
1001,22_PANT,1,12/25/2019,Yes,Yes,271484.3478,1495739.23,183,32,31,22,20,26,26,26,114,69
1001,22_PANT,1,12/23/2017,No,No,503235.6522,296009.06,183,28,29,21,26,25,27,27,106,77
1001,22_PANT,1,12/25/2017,Yes,Yes,363.4782609,288354.06,180,29,21,31,23,28,28,20,111,69
1001,22_PANT,1,12/24/2019,Yes,Yes,323106.087,1497473.23,180,22,25,20,39,23,23,28,102,78
1001,22_PANT,1,12/22/2016,Yes,Yes,476584.3478,264898.06,161,16,22,24,30,20,24,25,101,60
1001,22_PANT,1,12/19/2016,Yes,Yes,341001.9565,471840.06,158,15,21,19,23,30,28,22,104,54
1001,22_PANT,1,12/19/2020,Yes,Yes,341001.9565,261442.06,152,29,24,19,20,24,17,19,106,46
1001,22_PANT,1,12/21/2017,No,Yes,364710.4348,468477.06,152,27,19,20,28,24,16,18,103,49
1001,22_PANT,1,12/16/2019,No,No,135974.7826,291687.06,152,29,23,16,18,17,23,26,92,60
1001,22_PANT,1,12/17/2016,No,No,142908.2609,61546.22,147,17,21,18,16,20,33,22,99,48
1001,22_PANT,1,12/20/2016,No,No,68880,470831.06,145,18,20,19,20,20,20,28,99,46
1001,22_PANT,1,12/17/2019,No,No,240398.913,196010.06,142,16,30,18,15,25,20,18,104,38
1001,22_PANT,1,12/16/2016,No,No,135974.7826,1493950.23,142,25,25,24,24,18,19,7,95,47
1001,22_PANT,1,12/20/2020,No,No,68880,296009.06,142,25,23,34,8,17,16,19,94,48
1001,22_PANT,1,12/22/2017,Yes,Yes,476584.3478,196010.06,142,32,21,17,17,21,16,18,92,50
1001,22_PANT,1,12/16/2017,No,No,135974.7826,261442.06,133,22,17,19,19,18,24,14,82,51
1001,22_PANT,1,12/24/2018,Yes,Yes,93629.13043,468477.06,127,17,22,18,25,14,13,18,88,39
1001,22_PANT,1,12/20/2017,No,No,68880,291687.06,127,17,14,25,21,19,16,15,84,43
1001,22_PANT,1,12/18/2020,No,No,364522.8261,288354.06,127,22,22,14,25,14,18,12,74,53
1001,22_PANT,1,12/16/2020,No,No,135974.7826,1493950.23,117,18,18,20,20,13,12,16,84,33
1001,22_PANT,1,12/17/2020,No,No,142908.2609,61546.22,109,23,10,12,17,23,10,14,82,27
1001,22_PANT,1,12/19/2017,Yes,Yes,341001.9565,290576.06,109,15,14,11,17,16,14,22,71,38
1001,22_PANT,1,12/22/2020,Yes,Yes,476584.3478,468477.06,103,20,16,12,14,11,13,17,82,21
1001,22_PANT,1,12/19/2019,Yes,Yes,6975.434783,369365.06,103,24,11,9,19,7,16,17,67,36
1001,22_PANT,1,12/21/2016,No,Yes,364710.4348,474822.06,96,6,19,15,20,12,13,11,67,29
1001,22_PANT,1,12/21/2020,No,Yes,364710.4348,196010.06,92,22,10,14,9,9,15,13,70,22
1001,22_PANT,1,12/18/2019,No,No,262935.4348,367143.06,92,7,11,15,15,10,15,19,69,23
1001,22_PANT,1,12/18/2016,No,No,364522.8261,288354.06,85,13,12,16,12,11,11,10,48,37
1001,22_PANT,1,12/20/2019,No,No,144902.6087,1707330.23,83,10,10,16,13,13,9,12,69,14
1001,22_PANT,1,12/18/2017,No,No,364522.8261,367143.06,83,11,12,8,13,13,20,6,53,30
1001,22_PANT,1,12/23/2020,No,No,503235.6522,369365.06,83,14,13,12,14,11,11,8,49,34
1001,22_PANT,1,12/24/2020,Yes,Yes,137866.7391,367143.06,75,9,6,14,13,10,11,12,45,30
1001,22_PANT,1,12/17/2017,No,No,142908.2609,369365.06,75,10,12,17,14,7,8,7,45,30
1001,22_PANT,1,12/21/2019,Yes,No,135337.3913,596994.04,75,12,10,9,11,12,11,10,41,34
1001,22_PANT,1,12/22/2019,No,No,147040,468477.06,65,6,8,14,12,9,6,10,41,24
1001,22_PANT,1,12/25/2020,Yes,Yes,363.4782609,290576.06,65,9,9,10,8,12,11,6,33,32
1001,22_PANT,1,12/16/2018,No,No,135974.7826,284898.06,21,6,2,5,3,2,1,2,21,
1001,22_PANT,1,12/20/2018,No,No,312906.5217,288354.06,19,1,3,0,1,4,7,3,19,
1001,22_PANT,1,12/18/2018,Yes,Yes,164435.8696,286908.08,17,3,4,3,1,4,0,2,17,
1001,22_PANT,1,12/21/2018,Yes,Yes,340372.1739,261442.06,16,2,6,0,3,2,1,2,16,
1001,22_PANT,1,12/22/2018,No,No,91678.69565,296009.06,16,4,2,1,1,4,2,2,16,
1001,22_PANT,1,12/19/2018,No,No,202647.1739,281870.06,16,4,3,1,1,3,0,4,16,
1001,22_PANT,1,12/17/2018,No,No,329756.3043,375021.06,11,0,2,1,3,3,2,0,11,
1001,23_POST,0,12/25/2016,Yes,Yes,51.65217391,43742.16,161,33,24,21,27,15,20,21,99,62
1001,23_POST,0,12/23/2016,No,No,439.5652174,45476.16,153,16,33,22,18,23,19,22,105,48
1001,23_POST,0,12/24/2016,Yes,Yes,28.04347826,43742.16,151,22,26,20,24,18,23,18,96,55
1001,23_POST,0,12/23/2019,No,No,69.13043478,264898.06,145,31,21,18,17,16,22,20,105,40
1001,23_POST,0,12/24/2017,Yes,Yes,28.04347826,41953.16,145,21,15,26,17,19,20,27,96,49
1001,23_POST,0,12/23/2018,No,Yes,241.5217391,154297.16,145,17,30,24,13,19,25,17,93,52
1001,23_POST,0,12/25/2019,Yes,Yes,37.82608696,263231.06,143,18,22,22,21,17,23,20,106,37
1001,23_POST,0,12/23/2017,No,No,439.5652174,76520.16,143,26,18,23,12,21,21,22,97,46
1001,23_POST,0,12/25/2018,Yes,Yes,53.65217391,248988.16,143,16,14,23,17,23,23,27,88,55
1001,23_POST,0,12/25/2017,Yes,Yes,51.65217391,68865.16,140,25,22,18,18,23,19,15,97,43
1001,23_POST,0,12/24/2019,Yes,Yes,68.69565217,264965.06,140,20,13,20,23,23,22,19,96,44
1001,23_POST,0,12/22/2016,Yes,Yes,184.7826087,45409.16,121,15,22,17,14,17,22,14,80,41
1001,23_POST,0,12/19/2016,Yes,Yes,196.5217391,252351.16,118,15,22,14,17,19,17,14,78,40
1001,23_POST,0,12/17/2016,No,Yes,224.7826087,676885.96,107,22,15,12,14,17,16,11,74,33
1001,23_POST,0,12/20/2016,No,No,215.8695652,251342.16,105,24,8,13,22,15,13,10,50,55
1001,23_POST,0,12/16/2017,No,No,636.5217391,41953.16,93,17,15,17,11,13,12,8,68,25
1001,23_POST,0,12/16/2020,No,No,636.5217391,261442.06,77,16,12,9,12,10,10,8,43,34
1001,23_POST,0,12/19/2017,Yes,Yes,196.5217391,71087.16,69,7,6,9,9,12,11,15,51,18
1001,23_POST,0,12/17/2020,No,Yes,224.7826087,676885.96,69,9,10,13,4,10,7,16,45,24
1001,23_POST,0,12/22/2020,Yes,Yes,184.7826087,248988.16,63,8,13,7,7,7,14,7,42,21
1001,23_POST,0,12/19/2019,Yes,Yes,0.217391304,149876.16,63,8,6,8,11,7,14,9,41,22
1001,23_POST,0,12/16/2019,No,No,636.5217391,72198.16,56,10,8,13,5,5,6,9,38,18
1001,23_POST,0,12/21/2017,No,No,650.8695652,248988.16,56,7,6,11,9,7,6,10,38,18
1001,23_POST,0,12/19/2020,Yes,Yes,196.5217391,41953.16,56,11,7,7,10,8,8,5,37,19
1001,23_POST,0,12/21/2016,No,No,650.8695652,255333.16,56,13,8,8,11,2,7,7,36,20
1001,23_POST,0,12/21/2020,No,No,650.8695652,154297.16,52,10,5,10,10,6,7,4,36,16
1001,23_POST,0,12/18/2019,No,No,71.08695652,147654.16,52,3,11,4,9,11,10,4,33,19
1001,23_POST,0,12/20/2020,No,No,215.8695652,76520.16,46,7,8,3,11,6,6,5,35,11
1001,23_POST,0,12/17/2019,No,No,237.3913043,154297.16,46,5,7,8,9,10,2,5,34,12
1001,23_POST,0,12/22/2017,Yes,Yes,184.7826087,154297.16,46,5,8,5,8,5,10,5,31,15
1001,23_POST,0,12/16/2016,No,No,636.5217391,261442.06,46,9,10,7,8,5,2,5,31,15
1001,23_POST,0,12/18/2016,No,No,184.1304348,68865.16,45,6,6,8,8,7,5,5,29,16
1001,23_POST,0,12/18/2017,No,No,184.1304348,147654.16,43,7,6,9,7,3,4,7,31,12
1001,23_POST,0,12/23/2020,No,No,439.5652174,149876.16,43,7,4,5,4,5,9,9,28,15
1001,23_POST,0,12/20/2019,No,No,187.826087,474822.06,43,3,6,10,3,9,7,5,28,15
1001,23_POST,0,12/21/2019,Yes,No,68.04347826,58616.23,35,10,5,2,4,6,2,6,35,
1001,23_POST,0,12/24/2020,Yes,Yes,28.04347826,147654.16,35,6,8,3,5,3,3,7,35,
1001,23_POST,0,12/17/2017,No,Yes,224.7826087,149876.16,35,3,2,7,4,8,4,7,25,10
1001,23_POST,0,12/18/2020,No,No,184.1304348,68865.16,31,5,4,3,5,3,6,5,31,
1001,23_POST,0,12/20/2017,No,No,215.8695652,72198.16,31,6,7,4,5,1,3,5,31,
1001,23_POST,0,12/24/2018,Yes,Yes,25,248988.16,31,3,5,5,2,4,7,5,23,8
1001,23_POST,0,12/25/2020,Yes,Yes,51.65217391,71087.16,25,3,3,7,4,5,2,1,25,
1001,23_POST,0,12/22/2019,No,No,45.65217391,248988.16,25,3,1,7,7,1,3,3,25,
1001,23_POST,0,12/22/2018,No,No,52.17391304,76520.16,19,4,2,3,3,0,4,3,19,
1001,23_POST,0,12/20/2018,No,No,201.0869565,68865.16,18,2,5,3,2,5,1,0,18,
1001,23_POST,0,12/17/2018,No,No,37.82608696,155532.16,16,0,1,5,3,3,3,1,16,
1001,23_POST,0,12/18/2018,Yes,Yes,312.826087,67419.18,11,2,2,2,,3,1,1,11,
1001,23_POST,0,12/16/2018,No,No,636.5217391,65409.16,10,1,2,5,2,0,0,0,10,
1001,23_POST,0,12/21/2018,Yes,Yes,278.4782609,41953.16,9,2,3,1,,1,2,0,9,
1001,23_POST,0,12/19/2018,No,No,244.5652174,62381.16,8,3,2,0,,0,1,2,8,
1001,24_ELECTRONIC_SERVICES,1,12/25/2016,Yes,Yes,0.217391304,742870.56,248,31,35,41,30,24,41,46,142,106
1001,24_ELECTRONIC_SERVICES,1,12/23/2016,No,Yes,50,744604.56,240,28,26,34,33,42,38,39,142,98
1001,24_ELECTRONIC_SERVICES,1,12/24/2016,Yes,Yes,22.39130435,742870.56,238,34,34,25,32,36,39,38,224,14
1001,24_ELECTRONIC_SERVICES,1,12/24/2017,Yes,Yes,22.39130435,741081.56,232,33,26,30,28,38,39,38,149,83
1001,24_ELECTRONIC_SERVICES,1,12/23/2018,No,No,83.69565217,675649.56,232,37,46,31,17,26,37,38,141,91
1001,24_ELECTRONIC_SERVICES,1,12/23/2019,No,No,49.13043478,45409.16,232,29,31,39,39,31,35,28,138,94
1001,24_ELECTRONIC_SERVICES,1,12/23/2017,No,Yes,50,775648.56,230,41,20,37,35,37,30,30,150,80
1001,24_ELECTRONIC_SERVICES,1,12/25/2018,Yes,Yes,54.65217391,948116.56,230,34,53,27,31,32,26,27,129,101
1001,24_ELECTRONIC_SERVICES,1,12/25/2019,Yes,Yes,34.7826087,43742.16,230,37,25,33,29,30,39,37,128,102
1001,24_ELECTRONIC_SERVICES,1,12/25/2017,Yes,Yes,0.217391304,767993.56,227,41,29,35,31,35,29,27,130,97
1001,24_ELECTRONIC_SERVICES,1,12/24/2019,Yes,Yes,48.26086957,45476.16,227,24,30,40,35,32,35,31,124,103
1001,24_ELECTRONIC_SERVICES,1,12/22/2016,Yes,Yes,38.69565217,744537.56,208,36,20,30,30,36,20,36,120,88
1001,24_ELECTRONIC_SERVICES,1,12/19/2016,Yes,No,31.73913043,951479.56,205,33,34,24,33,28,28,25,129,76
1001,24_ELECTRONIC_SERVICES,1,12/19/2020,Yes,No,31.73913043,741081.56,199,39,27,38,27,24,14,30,128,71
1001,24_ELECTRONIC_SERVICES,1,12/21/2017,No,No,49.34782609,948116.56,199,31,25,25,30,29,32,27,126,73
1001,24_ELECTRONIC_SERVICES,1,12/16/2019,No,No,78.69565217,771326.56,199,25,25,32,28,34,28,27,121,78
1001,24_ELECTRONIC_SERVICES,1,12/17/2016,No,Yes,61.08695652,57517,194,26,30,34,34,25,26,19,119,75
1001,24_ELECTRONIC_SERVICES,1,12/20/2016,No,No,9.347826087,950470.56,192,24,30,21,31,26,36,24,123,69
1001,24_ELECTRONIC_SERVICES,1,12/16/2016,No,No,78.69565217,41953.16,189,17,22,36,34,26,35,19,114,75
1001,24_ELECTRONIC_SERVICES,1,12/22/2017,Yes,Yes,38.69565217,675649.56,189,30,30,26,31,19,30,23,113,76
1001,24_ELECTRONIC_SERVICES,1,12/20/2020,No,No,9.347826087,775648.56,189,32,23,24,26,25,28,31,112,77
1001,24_ELECTRONIC_SERVICES,1,12/17/2019,No,No,36.52173913,675649.56,189,28,29,27,25,25,30,25,108,81
1001,24_ELECTRONIC_SERVICES,1,12/16/2017,No,No,78.69565217,741081.56,180,27,24,27,30,22,21,29,129,51
1001,24_ELECTRONIC_SERVICES,1,12/18/2020,No,No,36.52173913,767993.56,174,24,23,22,29,30,20,26,108,66
1001,24_ELECTRONIC_SERVICES,1,12/20/2017,No,No,9.347826087,771326.56,174,27,29,17,37,19,19,26,104,70
1001,24_ELECTRONIC_SERVICES,1,12/24/2018,Yes,Yes,45.43478261,948116.56,174,23,20,22,22,32,29,26,99,75
1001,24_ELECTRONIC_SERVICES,1,12/16/2020,No,No,78.69565217,41953.16,164,24,26,15,26,30,20,23,104,60
1001,24_ELECTRONIC_SERVICES,1,12/17/2020,No,Yes,61.08695652,57517,156,17,31,16,35,19,17,21,105,51
1001,24_ELECTRONIC_SERVICES,1,12/19/2017,Yes,No,31.73913043,770215.56,156,30,24,19,18,21,25,19,99,57
1001,24_ELECTRONIC_SERVICES,1,12/22/2020,Yes,Yes,38.69565217,948116.56,150,31,27,16,16,20,18,22,105,45
1001,24_ELECTRONIC_SERVICES,1,12/19/2019,Yes,Yes,2.173913043,849004.56,150,22,15,28,24,26,17,18,96,54
1001,24_ELECTRONIC_SERVICES,1,12/21/2016,No,No,49.34782609,954461.56,143,23,25,15,13,23,29,15,94,49
1001,24_ELECTRONIC_SERVICES,1,12/21/2020,No,No,49.34782609,675649.56,139,24,23,20,17,15,16,24,99,40
1001,24_ELECTRONIC_SERVICES,1,12/18/2019,No,No,45,846782.56,139,23,25,21,23,15,17,15,86,53
1001,24_ELECTRONIC_SERVICES,1,12/18/2016,No,No,36.52173913,767993.56,132,20,19,14,24,19,16,20,100,32
1001,24_ELECTRONIC_SERVICES,1,12/20/2019,No,No,50.65217391,255333.16,130,20,22,12,16,17,22,21,91,39
1001,24_ELECTRONIC_SERVICES,1,12/18/2017,No,No,36.52173913,846782.56,130,21,19,18,21,14,15,22,89,41
1001,24_ELECTRONIC_SERVICES,1,12/23/2020,No,Yes,50,849004.56,130,26,17,15,17,22,20,13,82,48
1001,24_ELECTRONIC_SERVICES,1,12/24/2020,Yes,Yes,22.39130435,846782.56,122,16,17,20,17,8,27,17,90,32
1001,24_ELECTRONIC_SERVICES,1,12/21/2019,Yes,No,41.08695652,39180,122,16,15,15,21,17,24,14,85,37
1001,24_ELECTRONIC_SERVICES,1,12/17/2017,No,Yes,61.08695652,849004.56,122,16,16,19,24,13,12,22,76,46
1001,24_ELECTRONIC_SERVICES,1,12/25/2020,Yes,Yes,123.56,770215.56,112,20,11,14,19,16,12,20,74,38
1001,24_ELECTRONIC_SERVICES,1,12/22/2019,No,No,35.86956522,948116.56,112,16,15,17,10,16,28,10,71,41
1001,24_ELECTRONIC_SERVICES,1,12/20/2018,No,Yes,74.7826087,767993.56,20,0,3,3,3,3,1,7,20,
1001,24_ELECTRONIC_SERVICES,1,12/17/2018,No,No,66.73913043,854660.56,19,4,3,4,4,1,0,3,19,
1001,24_ELECTRONIC_SERVICES,1,12/18/2018,Yes,Yes,58.91304348,766547.58,18,1,1,3,3,2,4,4,18,
1001,24_ELECTRONIC_SERVICES,1,12/21/2018,Yes,Yes,65,741081.56,18,3,4,1,1,6,1,2,18,
1001,24_ELECTRONIC_SERVICES,1,12/22/2018,No,No,31.73913043,775648.56,18,6,3,2,3,1,2,1,18,
1001,24_ELECTRONIC_SERVICES,1,12/16/2018,No,No,78.69565217,764537.56,17,1,5,2,2,2,2,3,17,
1001,24_ELECTRONIC_SERVICES,1,12/19/2018,No,No,74.56521739,761509.56,16,5,1,3,3,1,1,2,16,
1001,50_EXTERNAL_PARTNERS,0,12/25/2016,Yes,Yes,0.652173913,202008.88,192,24,34,27,24,26,24,33,117,75
1001,50_EXTERNAL_PARTNERS,0,12/23/2016,No,No,130,199686.88,184,32,20,29,28,25,18,32,115,69
1001,50_EXTERNAL_PARTNERS,0,12/24/2016,Yes,Yes,46.52173913,194786.88,182,26,27,29,20,22,32,26,112,70
1001,50_EXTERNAL_PARTNERS,0,12/23/2018,No,No,175.4347826,107442.88,176,20,26,16,25,28,23,38,119,57
1001,50_EXTERNAL_PARTNERS,0,12/23/2019,No,Yes,40.86956522,744537.56,176,25,19,20,37,31,27,17,108,68
1001,50_EXTERNAL_PARTNERS,0,12/24/2017,Yes,Yes,46.52173913,172874.88,176,34,25,17,21,26,27,26,101,75
1001,50_EXTERNAL_PARTNERS,0,12/25/2018,Yes,Yes,0.652173913,379909.88,174,16,29,21,30,19,25,34,114,60
1001,50_EXTERNAL_PARTNERS,0,12/25/2019,Yes,Yes,45,742870.56,174,20,28,23,18,36,29,20,107,67
1001,50_EXTERNAL_PARTNERS,0,12/23/2017,No,No,130,207441.88,174,24,19,22,29,24,30,26,103,71
1001,50_EXTERNAL_PARTNERS,0,12/24/2019,Yes,Yes,44.7826087,744604.56,171,19,24,24,31,25,22,26,102,69
1001,50_EXTERNAL_PARTNERS,0,12/25/2017,Yes,Yes,0.652173913,199786.88,171,26,26,29,30,20,21,19,102,69
1001,50_EXTERNAL_PARTNERS,0,12/22/2016,Yes,Yes,128.4782609,199786.88,152,21,29,28,22,14,21,17,102,50
1001,50_EXTERNAL_PARTNERS,0,12/19/2016,Yes,No,101.3043478,199776.88,149,16,19,30,23,25,26,10,91,58
1001,50_EXTERNAL_PARTNERS,0,12/21/2017,No,No,126.3043478,379909.88,143,13,21,23,29,17,18,22,107,36
1001,50_EXTERNAL_PARTNERS,0,12/19/2020,Yes,No,101.3043478,172874.88,143,19,26,18,20,21,19,20,101,42
1001,50_EXTERNAL_PARTNERS,0,12/16/2019,No,No,178.6956522,203119.88,143,24,21,16,19,17,23,23,87,56
1001,50_EXTERNAL_PARTNERS,0,12/17/2016,No,Yes,144.5652174,15603.19,138,25,20,21,20,21,13,18,92,46
1001,50_EXTERNAL_PARTNERS,0,12/20/2016,No,No,50.65217391,197786.88,136,26,12,20,15,17,26,20,78,58
1001,50_EXTERNAL_PARTNERS,0,12/22/2017,Yes,Yes,128.4782609,107442.88,133,23,14,17,25,16,17,21,93,40
1001,50_EXTERNAL_PARTNERS,0,12/16/2016,No,No,178.6956522,741081.56,133,25,15,17,19,19,22,16,93,40
1001,50_EXTERNAL_PARTNERS,0,12/17/2019,No,No,115.2173913,107442.88,133,15,27,19,22,22,14,14,84,49
1001,50_EXTERNAL_PARTNERS,0,12/20/2020,No,No,50.65217391,207441.88,133,24,18,19,19,18,14,21,78,55
1001,50_EXTERNAL_PARTNERS,0,12/16/2017,No,No,178.6956522,741081.56,124,24,20,16,16,15,21,12,81,43
1001,50_EXTERNAL_PARTNERS,0,12/24/2018,Yes,Yes,36.08695652,379909.88,118,14,15,15,16,23,17,18,83,35
1001,50_EXTERNAL_PARTNERS,0,12/20/2017,No,No,50.65217391,203119.88,118,17,19,15,18,17,20,12,81,37
1001,50_EXTERNAL_PARTNERS,0,12/18/2020,No,No,113.6956522,199786.88,118,18,18,13,16,18,14,21,70,48
1001,50_EXTERNAL_PARTNERS,0,12/16/2020,No,No,178.6956522,741081.56,108,13,17,16,13,14,17,18,76,32
1001,50_EXTERNAL_PARTNERS,0,12/17/2020,No,Yes,144.5652174,15603.19,100,15,9,12,11,17,22,14,68,32
1001,50_EXTERNAL_PARTNERS,0,12/19/2017,Yes,No,101.3043478,202008.88,100,17,14,14,22,15,6,12,68,32
1001,50_EXTERNAL_PARTNERS,0,12/19/2019,Yes,Yes,4.347826087,280797.88,94,13,9,12,9,17,17,17,75,19
1001,50_EXTERNAL_PARTNERS,0,12/22/2020,Yes,Yes,128.4782609,379909.88,94,10,22,11,15,9,15,12,71,23
1001,50_EXTERNAL_PARTNERS,0,12/21/2016,No,No,126.3043478,189786.88,87,14,11,16,11,7,17,11,53,34
1001,50_EXTERNAL_PARTNERS,0,12/21/2020,No,No,126.3043478,107442.88,83,17,14,11,10,9,5,17,49,34
1001,50_EXTERNAL_PARTNERS,0,12/18/2019,No,No,52.82608696,278575.88,83,10,6,9,16,11,16,15,49,34
1001,50_EXTERNAL_PARTNERS,0,12/18/2016,No,No,113.6956522,199786.88,76,11,13,12,10,13,6,11,45,31
1001,50_EXTERNAL_PARTNERS,0,12/18/2017,No,No,113.6956522,278575.88,74,8,8,13,11,8,13,13,47,27
1001,50_EXTERNAL_PARTNERS,0,12/23/2020,No,No,130,280797.88,74,9,10,11,11,13,14,6,44,30
1001,50_EXTERNAL_PARTNERS,0,12/20/2019,No,No,33.91304348,954461.56,74,10,16,12,10,10,9,7,41,33
1001,50_EXTERNAL_PARTNERS,0,12/21/2019,Yes,Yes,35,1235.37,66,10,9,9,9,12,9,8,47,19
1001,50_EXTERNAL_PARTNERS,0,12/24/2020,Yes,Yes,46.52173913,278575.88,66,9,8,13,8,9,8,11,45,21
1001,50_EXTERNAL_PARTNERS,0,12/17/2017,No,Yes,144.5652174,280797.88,66,8,14,11,7,8,9,9,39,27
1001,50_EXTERNAL_PARTNERS,0,12/22/2019,No,No,39.56521739,379909.88,56,8,5,9,6,6,11,11,36,20
1001,50_EXTERNAL_PARTNERS,0,12/25/2020,Yes,Yes,65.2173913,202008.88,56,7,12,10,10,5,7,5,32,24
1001,50_EXTERNAL_PARTNERS,0,12/19/2018,No,No,146.5217391,193302.88,24,3,6,5,5,1,1,3,24,
1001,50_EXTERNAL_PARTNERS,0,12/21/2018,Yes,Yes,135.2173913,172874.88,23,1,7,1,4,3,3,4,23,
1001,50_EXTERNAL_PARTNERS,0,12/18/2018,Yes,Yes,146.3043478,198340.9,22,2,4,7,4,1,1,3,22,
1001,50_EXTERNAL_PARTNERS,0,12/22/2018,No,No,73.04347826,207441.88,21,4,2,2,5,3,3,2,21,
1001,50_EXTERNAL_PARTNERS,0,12/16/2018,No,No,178.6956522,196330.88,19,1,1,3,6,1,6,1,19,
1001,50_EXTERNAL_PARTNERS,0,12/20/2018,No,No,154.3478261,199786.88,17,5,2,1,3,5,0,1,17,
1001,50_EXTERNAL_PARTNERS,0,12/17/2018,No,No,52.17391304,286453.88,17,1,3,1,2,2,5,3,17,
